100	50	1	5	1	0.1	0	0	1	0.24799999999999997	0.6873469387755101	0.09303680332754852	0.6816326530612244	1.0	1.0	nan	nan	0.1567895473373052	0.5746938775510204	0.0	1.0	0.02	0.5	0.07045845890248764	0.30311632653061227	0.0	1.0	0.02	0.5	1075206846750.8829	0.4925775510204081	0.0	1.0	0.02	0.5	0.03729547311645073	0.996734693877551	0.0	1.0	0.02	0.5	0.17684231214481677	0.5102040816326531	0.0	1.0
100	50	1	5	1	0.1	0	0	2	0.544	0.7306122448979592	0.3039145045591289	0.7020408163265307	1.0	1.0	nan	nan	0.18988117842662386	0.683265306122449	0.0	1.0	0.02	0.5	0.0920412809903634	0.4283816326530612	0.0	1.0	0.02	0.5	484405351064.25397	0.5165326530612244	0.0	1.0	0.02	0.5	0.048666290077977674	0.996734693877551	0.0	1.0	0.02	0.5	0.2467774786527222	0.4979591836734694	0.0	1.0
100	50	1	5	1	0.1	0	0	3	0.25199999999999995	0.7363265306122448	0.1717766407282255	0.7444897959183674	1.0	1.0	nan	nan	0.31340429647871704	0.876734693877551	0.0	1.0	0.02	0.5	0.14188545674655365	0.44565918367346935	0.0	1.0	0.02	0.5	1079253256386.2874	0.4670244897959185	0.0	1.0	0.02	0.5	0.07905220871646708	0.9706122448979592	0.0	1.0	0.02	0.5	0.41271559808531516	0.6653061224489796	0.0	1.0
100	50	1	10	1	0.1	0	0	1	0.162	0.6112244897959184	0.14100407991996294	0.6175510204081632	1.0	1.0	nan	nan	0.20867801025638186	0.5491836734693878	0.0	1.0	0.02	0.5	0.0761440290767446	0.3944428571428572	0.0	1.0	0.02	0.5	1255737960814.9421	0.48840816326530617	0.0	1.0	0.02	0.5	0.049225302421094935	0.936734693877551	0.0	1.0	0.02	0.5	0.22488762556877245	0.4571428571428572	0.0	1.0
100	50	1	10	1	0.1	0	0	2	0.22399999999999998	0.7072448979591837	0.17082227425100097	0.7230612244897959	1.0	1.0	nan	nan	0.2375325118535786	0.5279591836734694	0.0	1.0	0.02	0.5	0.08372797008355612	0.47947346938775515	0.0	1.0	0.02	0.5	518017644606.8148	0.5079081632653062	0.0	1.0	0.02	0.5	0.06236278432943299	0.9497959183673469	0.0	1.0	0.02	0.5	0.2632502092435305	0.5551020408163266	0.0	1.0
100	50	1	10	1	0.1	0	0	3	0.268	0.5908163265306123	0.24290258579791016	0.613265306122449	1.0	1.0	nan	nan	0.28733124233025076	0.6130612244897959	0.0	1.0	0.02	0.5	0.10651659360627022	0.5373530612244898	0.0	1.0	0.02	0.5	1111980839492.6677	0.5248816326530612	0.0	1.0	0.02	0.5	0.07456073061284231	0.9440816326530612	0.0	1.0	0.02	0.5	0.3300855274280206	0.6448979591836735	0.0	1.0
100	50	1	50	1	0.1	0	0	1	0.0996	0.4995510204081633	0.22109691075915217	0.5134204081632654	1.0	1.0	nan	nan	0.388207075283931	0.5026530612244897	0.0	1.0	0.02	0.5	0.13893839440155673	0.5335571428571428	0.0	1.0	0.02	0.5	1027037832368.3693	0.493230612244898	0.0	1.0	0.02	0.5	0.07534747030460026	0.4908408163265306	0.0	1.0	0.02	0.5	0.4556489779473105	0.5289795918367347	0.0	1.0
100	50	1	50	1	0.1	0	0	2	0.11599999999999999	0.5617551020408162	0.24921944094874326	0.5713714285714286	1.0	1.0	nan	nan	0.3598932092805014	0.5770857142857143	0.0	1.0	0.02	0.5	0.11931970151305178	0.46078367346938776	0.0	1.0	0.02	0.5	548438699687.4133	0.5240020408163265	0.0	1.0	0.02	0.5	0.08140557513043191	0.4968	0.0	1.0	0.02	0.5	0.43103934714352604	0.5795918367346938	0.0	1.0
100	50	1	50	1	0.1	0	0	3	0.029200000000000004	0.4708816326530612	0.1337836398729438	0.48245714285714286	1.0	1.0	nan	nan	0.24061541539301803	0.4194285714285715	0.0	1.0	0.02	0.5	0.08190205930320918	0.49832448979591837	0.0	1.0	0.02	0.5	1000415149674.4644	0.47735918367346936	0.0	1.0	0.02	0.5	0.07188943969505039	0.49706938775510195	0.0	1.0	0.02	0.5	0.2513920177720885	0.4693877551020408	0.0	1.0
100	50	2	5	1	0.1	0	0	1	0.524	0.6366666666666667	0.13139546367034322	0.59875	0.0	1.0	nan	nan	0.21372418968505372	0.6733333333333333	0.0	1.0	0.04	0.5	0.09723469028022232	0.49787083333333326	0.0	1.0	0.04	0.5	562384905431.6646	0.4808552083333334	0.0	1.0	0.04	0.5	0.04259861337534129	0.9420833333333334	0.0	1.0	0.04	0.5	0.2753668687290444	0.6791666666666667	0.0	1.0
100	50	2	5	1	0.1	0	0	2	0.4439999999999999	0.6089583333333334	0.1266382405401535	0.6245833333333333	0.0	1.0	nan	nan	0.2851412441857098	0.5870833333333334	0.0	1.0	0.04	0.5	0.0762954703826229	0.40174583333333336	0.0	1.0	0.04	0.5	238831175083.2606	0.516003125	0.0	1.0	0.04	0.5	0.04857160946737818	0.9820833333333333	0.0	1.0	0.04	0.5	0.3131938196815115	0.53125	0.0	1.0
100	50	2	5	1	0.1	0	0	3	0.22	0.79875	0.09546067301226872	0.7875000000000001	1.0	1.0	nan	nan	0.15600191184624154	0.7762500000000001	0.0	1.0	0.04	0.5	0.10211716278203185	0.37869791666666663	0.0	1.0	0.04	0.5	548581695531.09344	0.4863354166666667	0.0	1.0	0.04	0.5	0.059327160880491066	0.9125000000000001	0.0	1.0	0.04	0.5	0.17201533472261094	0.7145833333333333	0.0	1.0
100	50	2	10	1	0.1	0	0	1	0.1	0.6490625000000001	0.20590435442325777	0.6390625000000001	1.0	1.0	nan	nan	0.3251969387220102	0.5632291666666667	0.0	1.0	0.04	0.5	0.07541835774893445	0.5079875	0.0	1.0	0.04	0.5	570776211347.1611	0.46245625	0.0	1.0	0.04	0.5	0.059612789057981626	0.8361458333333333	0.0	1.0	0.04	0.5	0.3498701907385036	0.565625	0.0	1.0
100	50	2	10	1	0.1	0	0	2	0.094	0.6173958333333334	0.2811893855414426	0.6063541666666666	1.0	1.0	nan	nan	0.5564674470716899	0.48906250000000007	0.0	1.0	0.04	0.5	0.09906653583572479	0.6101593750000001	0.0	1.0	0.04	0.5	271065271545.48358	0.524865625	0.0	1.0	0.04	0.5	0.07799524224455698	0.8644791666666667	0.0	1.0	0.04	0.5	0.6128548371464861	0.5249999999999999	0.0	1.0
100	50	2	10	1	0.1	0	0	3	0.138	0.5636458333333333	0.19969218846297312	0.5639583333333333	1.0	1.0	nan	nan	0.283473053304928	0.6052083333333333	0.0	1.0	0.04	0.5	0.09526803879307287	0.442975	0.0	1.0	0.04	0.5	521251984814.048	0.47771875	0.0	1.0	0.04	0.5	0.07014097282593763	0.8294791666666667	0.0	1.0	0.04	0.5	0.29976054391295714	0.53125	0.0	1.0
100	50	2	50	1	0.1	0	0	1	0.0616	0.50826875	0.14807913884474883	0.5098499999999999	1.0	1.0	nan	nan	0.2876023708584439	0.4923458333333333	0.0	1.0	0.04	0.5	0.0849176278382401	0.46778437500000003	0.0	1.0	0.04	0.5	611792040047.9058	0.465609375	0.0	1.0	0.04	0.5	0.07024073715106856	0.5079333333333333	0.0	1.0	0.04	0.5	0.30153676368838694	0.46958333333333335	0.0	1.0
100	50	2	50	1	0.1	0	0	2	0.11240000000000001	0.5313125	0.20650117732670917	0.5309708333333334	1.0	1.0	nan	nan	0.37114698430487914	0.5098333333333334	0.0	1.0	0.04	0.5	0.08977629903524592	0.510809375	0.0	1.0	0.04	0.5	288361064176.2455	0.5317145833333334	0.0	1.0	0.04	0.5	0.08046686842543632	0.506075	0.0	1.0	0.04	0.5	0.4132975169220088	0.48958333333333337	0.0	1.0
100	50	2	50	1	0.1	0	0	3	0.07520000000000002	0.5485687499999999	0.15606077504441648	0.5485958333333333	1.0	1.0	nan	nan	0.36749117467516984	0.5268916666666668	0.0	1.0	0.04	0.5	0.09326097181158514	0.5173427083333334	0.0	1.0	0.04	0.5	492281989845.7587	0.49434374999999997	0.0	1.0	0.04	0.5	0.07174628487898431	0.5045875	0.0	1.0	0.04	0.5	0.39521768953017306	0.529375	0.0	1.0
100	50	5	5	1	0.1	0	0	1	0.288	0.6332444444444444	0.15134595892648278	0.6334222222222221	1.0	1.0	nan	nan	0.2936209595997427	0.5187555555555555	0.0	1.0	0.1	0.5	0.08112990940399421	0.5195577777777778	0.0	1.0	0.1	0.5	213838236306.51685	0.5111182222222223	0.0	1.0	0.1	0.5	0.05523609668374811	0.8369777777777777	0.0	1.0	0.1	0.5	0.3201185485196886	0.5262222222222221	0.0	1.0
100	50	5	5	1	0.1	0	0	2	0.128	0.6992	0.1877677085826362	0.6307555555555555	1.0	1.0	nan	nan	0.292982771380848	0.5381333333333334	0.0	1.0	0.1	0.5	0.0886354191628947	0.3736244444444444	0.0	1.0	0.1	0.5	97851421430.78537	0.4853831111111111	0.0	1.0	0.1	0.5	0.054873408944990744	0.8088888888888889	0.0	1.0	0.1	0.5	0.36703545996728415	0.4702222222222223	0.0	1.0
100	50	5	5	1	0.1	0	0	3	0.16799999999999998	0.5065777777777778	0.1707622156255898	0.5319111111111111	1.0	1.0	nan	nan	0.6127854594343753	0.5269333333333334	0.0	1.0	0.10000000000000002	0.5	0.09072229266067382	0.5155884444444444	0.0	1.0	0.10000000000000002	0.5	216535425540.48816	0.5208026666666666	0.0	1.0	0.10000000000000002	0.5	0.0537235620805324	0.9187555555555555	0.0	1.0	0.10000000000000002	0.5	0.6527846313111403	0.5351111111111111	0.0	1.0
100	50	5	10	1	0.1	0	0	1	0.324	0.5502	0.1603339635598596	0.5553777777777777	0.0	1.0	nan	nan	0.29060415407944024	0.5084888888888889	0.0	1.0	0.10000000000000002	0.5	0.0790692998393456	0.4448484444444445	0.0	1.0	0.10000000000000002	0.5	205441291662.45316	0.4907026666666667	0.0	1.0	0.10000000000000002	0.5	0.06633616068662253	0.690711111111111	0.0	1.0	0.10000000000000002	0.5	0.29440813300637386	0.5022222222222222	0.0	1.0
100	50	5	10	1	0.1	0	0	2	0.14	0.5719555555555556	0.14113409145429268	0.5593777777777778	1.0	1.0	nan	nan	0.29700663009830286	0.4799555555555556	0.0	1.0	0.1	0.5	0.09025292324584754	0.44763733333333333	0.0	1.0	0.1	0.5	100009089925.73622	0.4811302222222222	0.0	1.0	0.1	0.5	0.06935749046251687	0.6397777777777778	0.0	1.0	0.1	0.5	0.31660490809041364	0.4715555555555555	0.0	1.0
100	50	5	10	1	0.1	0	0	3	0.36	0.5676	0.14608215410688835	0.5592222222222222	0.0	1.0	nan	nan	0.3392418246570488	0.5548000000000001	0.0	1.0	0.09999999999999998	0.5	0.07589192718796528	0.5059928888888888	0.0	1.0	0.09999999999999998	0.5	198961045517.99298	0.49104711111111116	0.0	1.0	0.09999999999999998	0.5	0.06286252589455507	0.7037333333333334	0.0	1.0	0.09999999999999998	0.5	0.3747791275963698	0.5111111111111111	0.0	1.0
100	50	5	50	1	0.1	0	0	1	0.13520000000000001	0.4632817777777778	0.21095692083771436	0.4623128888888889	1.0	1.0	nan	nan	0.5107513982349073	0.49695466666666666	0.0	1.0	0.10000000000000002	0.5	0.07583847459075543	0.5054306666666667	0.0	1.0	0.10000000000000002	0.5	243398904928.21747	0.5101844444444444	0.0	1.0	0.10000000000000002	0.5	0.07236584292536713	0.49916444444444447	0.0	1.0	0.10000000000000002	0.5	0.5544843464856525	0.5061333333333333	0.0	1.0
100	50	5	50	1	0.1	0	0	2	0.1664	0.5186408888888889	0.16515566136394144	0.5236871111111111	1.0	1.0	nan	nan	0.3313920798414486	0.48963022222222224	0.0	1.0	0.09999999999999998	0.5	0.07525920709210042	0.501647111111111	0.0	1.0	0.09999999999999998	0.5	97271374025.46832	0.47203377777777783	0.0	1.0	0.09999999999999998	0.5	0.07150095703599448	0.5042862222222222	0.0	1.0	0.09999999999999998	0.5	0.36365402277827175	0.5039111111111111	0.0	1.0
100	50	5	50	1	0.1	0	0	3	0.1324	0.5061048888888889	0.1757206794743298	0.5103635555555556	1.0	1.0	nan	nan	0.30431635301390025	0.48878933333333335	0.0	1.0	0.1	0.5	0.07286470120763598	0.508432	0.0	1.0	0.1	0.5	230878332020.61884	0.5018111111111111	0.0	1.0	0.1	0.5	0.06927712091014009	0.5182417777777778	0.0	1.0	0.1	0.5	0.295845178386958	0.49973333333333336	0.0	1.0
100	100	1	5	1	0.1	0	0	1	0.252	0.5828282828282828	0.09673213497442618	0.5745454545454545	1.0	1.0	nan	nan	2.6977277974456433	0.40606060606060607	0.0	1.0	0.01	0.5	0.24626841699858906	0.2932111111111111	0.0	1.0	0.01	0.5	1.0005663164710871e+19	0.4805070707070707	0.0	1.0	0.01	0.5	0.025980492097145945	1.0	0.0	1.0	0.01	0.5	2.8632001801612557	0.3151515151515152	0.0	1.0
100	100	1	5	1	0.1	0	0	2	0.344	0.709090909090909	0.11686989502045667	0.618989898989899	1.0	1.0	nan	nan	58.42186586116209	0.6626262626262626	0.0	1.0	0.01	0.5	0.03956622777146797	0.46906060606060607	0.0	1.0	0.01	0.5	6.082268462291622e+18	0.5409868686868687	0.0	1.0	0.01	0.5	0.01950375473951817	0.9971717171717173	0.0	1.0	0.01	0.5	71.62129697582073	0.5636363636363637	0.0	1.0
100	100	1	5	1	0.1	0	0	3	0.43	0.6474747474747475	0.08527853944632793	0.623030303030303	0.0	1.0	nan	nan	6.8825603765708	0.25575757575757574	0.0	1.0	0.01	0.5	0.28917221487048683	0.3379646464646464	0.0	1.0	0.01	0.5	8.50543091724854e+18	0.49718484848484845	0.0	1.0	0.01	0.5	0.025335687103544894	0.9935353535353535	0.0	1.0	0.01	0.5	8.152448561581307	0.3575757575757576	0.0	1.0
100	100	1	10	1	0.1	0	0	1	0.106	0.7359595959595959	0.22190076643690912	0.7014141414141415	1.0	1.0	nan	nan	8.29044383656261	0.3343434343434344	0.0	1.0	0.01	0.5	0.07092786719778138	0.5427171717171718	0.0	1.0	0.01	0.5	9.727491081663099e+18	0.5162727272727273	0.0	1.0	0.01	0.5	0.03495052668880423	0.9673737373737374	0.0	1.0	0.01	0.5	20.36438252541626	0.46565656565656566	0.0	1.0
100	100	1	10	1	0.1	0	0	2	0.14299999999999996	0.7225757575757575	0.21984909205391362	0.693939393939394	1.0	1.0	nan	nan	253.44118228783282	0.608989898989899	0.0	1.0	0.01	0.5	0.5851251241134703	0.5856787878787878	0.0	1.0	0.01	0.5	6.566438144892424e+18	0.5594272727272727	0.0	1.0	0.01	0.5	0.03569414008863718	0.8974747474747474	0.0	1.0	0.01	0.5	153.0609281491107	0.5787878787878787	0.0	1.0
100	100	1	10	1	0.1	0	0	3	0.161	0.6985353535353536	0.1441526494461962	0.7002020202020203	1.0	1.0	nan	nan	3.63905203794995	0.47252525252525257	0.0	1.0	0.01	0.5	0.3729957759531322	0.4791626262626263	0.0	1.0	0.01	0.5	7.906887630854875e+18	0.47528181818181825	0.0	1.0	0.01	0.5	0.0388014344083018	0.9516161616161616	0.0	1.0	0.01	0.5	3.547444040497673	0.42121212121212126	0.0	1.0
100	100	1	50	1	0.1	0	0	1	0.05979999999999999	0.4406585858585858	0.13023647672704258	0.4491070707070707	1.0	1.0	nan	nan	5.002118130454244	0.5157858585858586	0.0	1.0	0.01	0.5	0.21059588601549944	0.49792828282828283	0.0	1.0	0.01	0.5	9.832978909500918e+18	0.5204585858585858	0.0	1.0	0.01	0.5	0.03259473468727561	0.5552242424242424	0.0	1.0	0.01	0.5	6.444022483661285	0.5123232323232323	0.0	1.0
100	100	1	50	1	0.1	0	0	2	0.0634	0.4852444444444444	0.16265328163023443	0.493389898989899	1.0	1.0	nan	nan	32.83695028779387	0.46253333333333335	0.0	1.0	0.01	0.5	0.49797711044749726	0.47044343434343433	0.0	1.0	0.01	0.5	5.93831488943615e+18	0.5107616161616161	0.0	1.0	0.01	0.5	0.04049084292463557	0.4837858585858586	0.0	1.0	0.01	0.5	18.10052459958375	0.47979797979797967	0.0	1.0
100	100	1	50	1	0.1	0	0	3	0.0444	0.5277959595959596	0.14955529741595913	0.5301454545454546	1.0	1.0	nan	nan	22.130018289594403	0.5809212121212122	0.0	1.0	0.01	0.5	0.3883578078718653	0.4934090909090909	0.0	1.0	0.01	0.5	7.659994742305231e+18	0.5107232323232322	0.0	1.0	0.01	0.5	0.04438262962841053	0.5394545454545454	0.0	1.0	0.01	0.5	10.933609923145685	0.5797979797979798	0.0	1.0
100	100	5	5	1	0.1	0	0	1	0.092	0.588378947368421	0.08830415588909049	0.5366315789473685	1.0	1.0	nan	nan	12.620905370989359	0.4778105263157894	0.0	1.0	0.05000000000000001	0.5	0.03740065816662148	0.5272762105263158	0.0	1.0	0.05000000000000001	0.5	1.9801734982011023e+18	0.4872684210526316	0.0	1.0	0.05000000000000001	0.5	0.02904862287192021	0.818778947368421	0.0	1.0	0.05000000000000001	0.5	14.281573216276211	0.3781052631578947	0.0	1.0
100	100	5	5	1	0.1	0	0	2	0.09200000000000001	0.6181473684210527	0.10659178798967053	0.5964631578947369	1.0	1.0	nan	nan	140.90276403015585	0.45810526315789474	0.0	1.0	0.05	0.5	0.05056529576506509	0.5280671578947369	0.0	1.0	0.05	0.5	1.19724801004165e+18	0.5067707368421053	0.0	1.0	0.05	0.5	0.03549626990208226	0.8586947368421053	0.0	1.0	0.05	0.5	60.808917948795795	0.5599999999999999	0.0	1.0
100	100	5	5	1	0.1	0	0	3	0.46399999999999997	0.538821052631579	0.14973698529626794	0.5564631578947368	0.0	1.0	nan	nan	28.374375143039703	0.5442526315789474	0.0	1.0	0.05000000000000001	0.5	0.04252295048646344	0.5059896842105263	0.0	1.0	0.05000000000000001	0.5	1.8445692488323282e+18	0.48312189473684214	0.0	1.0	0.05000000000000001	0.5	0.03200104809579936	0.8664421052631579	0.0	1.0	0.05000000000000001	0.5	31.974149416393658	0.5414736842105263	0.0	1.0
100	100	5	10	1	0.1	0	0	1	0.07900000000000001	0.5473368421052632	0.06931112952656433	0.5133157894736842	0.0	1.0	nan	nan	13.815556092189734	0.45284210526315793	0.0	1.0	0.05	0.5	0.03947096649608881	0.50776	0.0	1.0	0.05	0.5	1.9496298685145613e+18	0.4771526315789474	0.0	1.0	0.05	0.5	0.030351562711028325	0.6546947368421053	0.0	1.0	0.05	0.5	12.03615514454418	0.48757894736842106	0.0	1.0
100	100	5	10	1	0.1	0	0	2	0.436	0.5201894736842105	0.09844360833316204	0.5154842105263158	0.0	1.0	nan	nan	734.9850476364152	0.5502736842105262	0.0	1.0	0.05	0.5	0.04465436632152811	0.4728433684210526	0.0	1.0	0.05	0.5	1.2908229066412526e+18	0.4660557894736842	0.0	1.0	0.05	0.5	0.03707809667969014	0.707178947368421	0.0	1.0	0.05	0.5	299.56330731772135	0.5492631578947368	0.0	1.0
100	100	5	10	1	0.1	0	0	3	0.3439999999999999	0.5324947368421054	0.16294864810127238	0.5305473684210527	0.0	1.0	nan	nan	17.589163658702088	0.5413684210526316	0.0	1.0	0.05	0.5	0.05751447379974524	0.4930103157894737	0.0	1.0	0.05	0.5	1.7180398564862715e+18	0.5147650526315789	0.0	1.0	0.05	0.5	0.04200297536199333	0.6658105263157894	0.0	1.0	0.05	0.5	12.056240603277473	0.5107368421052632	0.0	1.0
100	100	5	50	1	0.1	0	0	1	0.0688	0.5169932631578947	0.11681858088421167	0.5181086315789474	0.0	1.0	nan	nan	5.734835614934423	0.5008842105263157	0.0	1.0	0.05	0.5	0.04347488674863494	0.5163793684210527	0.0	1.0	0.05	0.5	1.9405024146437545e+18	0.5238446315789473	0.0	1.0	0.05	0.5	0.03513353046433904	0.4769187368421053	0.0	1.0	0.05	0.5	6.355786724174374	0.49317894736842105	0.0	1.0
100	100	5	50	1	0.1	0	0	2	0.0694	0.49260799999999993	0.11793380108055443	0.4938467368421052	1.0	1.0	nan	nan	13.55135576529751	0.4945978947368422	0.0	1.0	0.05	0.5	0.04861210119752964	0.506793052631579	0.0	1.0	0.05	0.5	1.2435249601700585e+18	0.518806947368421	0.0	1.0	0.05	0.5	0.033700870294963964	0.49317642105263165	0.0	1.0	0.05	0.5	2.5440814005824977	0.5076210526315789	0.0	1.0
100	100	5	50	1	0.1	0	0	3	0.11739999999999999	0.5083574736842105	0.18265995715940203	0.5100816842105264	0.0	1.0	nan	nan	87.38114054431018	0.47163200000000005	0.0	1.0	0.05	0.5	0.050765900474363544	0.5050932631578947	0.0	1.0	0.05	0.5	1.7634111804036434e+18	0.5187204210526315	0.0	1.0	0.05	0.5	0.03806062506138305	0.5149768421052632	0.0	1.0	0.05	0.5	46.82225158953076	0.5272421052631578	0.0	1.0
100	100	10	5	1	0.1	0	0	1	0.11399999999999999	0.5769333333333333	0.05264136975137459	0.5221111111111111	1.0	1.0	nan	nan	3.728344156741352	0.5100888888888888	0.0	1.0	0.1	0.5	0.03648959726960756	0.5195916666666667	0.0	1.0	0.1	0.5	1.0132231705407812e+18	0.49512611111111116	0.0	1.0	0.1	0.5	0.02502996416435681	0.7620444444444444	0.0	1.0	0.1	0.5	3.777602145174081	0.49844444444444447	0.0	1.0
100	100	10	5	1	0.1	0	0	2	0.426	0.5854888888888887	0.08995209831483332	0.5731111111111111	1.0	1.0	nan	nan	55.6758692767998	0.5694222222222223	0.0	1.0	0.09999999999999998	0.5	0.04355814119067164	0.5503543333333334	0.0	1.0	0.09999999999999998	0.5	6.118172097337504e+17	0.5220678888888889	0.0	1.0	0.09999999999999998	0.5	0.032439367040412545	0.7244888888888888	0.0	1.0	0.09999999999999998	0.5	38.63144173223838	0.5615555555555555	0.0	1.0
100	100	10	5	1	0.1	0	0	3	0.5979999999999999	0.49959999999999993	0.12924175486128087	0.5194666666666666	0.0	1.0	nan	nan	6.894122680450266	0.565288888888889	0.0	1.0	0.09999999999999998	0.5	0.04656820517099837	0.5269106666666666	0.0	1.0	0.09999999999999998	0.5	9.158328083353473e+17	0.49296166666666663	0.0	1.0	0.09999999999999998	0.5	0.03536671051099971	0.7561333333333332	0.0	1.0	0.09999999999999998	0.5	7.254184925116244	0.5795555555555555	0.0	1.0
100	100	10	10	1	0.1	0	0	1	0.43399999999999994	0.5039722222222223	0.08191628932036009	0.4980555555555556	0.0	1.0	nan	nan	2.431705994198728	0.5374111111111111	0.0	1.0	0.1	0.5	0.03758572460254818	0.5234193333333333	0.0	1.0	0.1	0.5	9.329008760055804e+17	0.49105588888888885	0.0	1.0	0.1	0.5	0.03377963859336582	0.5772111111111111	0.0	1.0	0.1	0.5	2.4998277607215496	0.534888888888889	0.0	1.0
100	100	10	10	1	0.1	0	0	2	0.368	0.5008055555555556	0.10345557097423368	0.5067111111111111	0.0	1.0	nan	nan	81.10899535298799	0.48773333333333335	0.0	1.0	0.1	0.5	0.03750293143778168	0.48711433333333337	0.0	1.0	0.1	0.5	5.594399014547674e+17	0.4951508888888889	0.0	1.0	0.1	0.5	0.03210000284482452	0.6340777777777779	0.0	1.0	0.1	0.5	74.0290148465912	0.4638888888888889	0.0	1.0
100	100	10	10	1	0.1	0	0	3	0.44800000000000006	0.4723777777777778	0.12823098784307202	0.4803	0.0	1.0	nan	nan	37.72642112104642	0.47628888888888893	0.0	1.0	0.09999999999999998	0.5	0.04328433195682519	0.49727688888888893	0.0	1.0	0.09999999999999998	0.5	8.324911452477025e+17	0.5024802222222222	0.0	1.0	0.09999999999999998	0.5	0.03756167147056219	0.5971	0.0	1.0	0.09999999999999998	0.5	21.19033366800806	0.5118888888888888	0.0	1.0
100	100	10	50	1	0.1	0	0	1	0.1294	0.4806402222222222	0.13232488853514007	0.4827093333333333	0.0	1.0	nan	nan	4.194645378618442	0.5010044444444445	0.0	1.0	0.09999999999999998	0.5	0.04024111369203943	0.493876	0.0	1.0	0.09999999999999998	0.5	1.0060010608854931e+18	0.5069523333333333	0.0	1.0	0.09999999999999998	0.5	0.03662176777047667	0.5011395555555556	0.0	1.0	0.09999999999999998	0.5	4.456116336457747	0.4918	0.0	1.0
100	100	10	50	1	0.1	0	0	2	0.14020000000000002	0.49929799999999996	0.13928773118662335	0.49695066666666665	0.0	1.0	nan	nan	146.15280534657106	0.5060448888888889	0.0	1.0	0.1	0.5	0.03924108969880753	0.5037551111111112	0.0	1.0	0.1	0.5	5.963630544596785e+17	0.5004317777777777	0.0	1.0	0.1	0.5	0.03395898814377245	0.49865244444444445	0.0	1.0	0.1	0.5	89.89504362342558	0.5021777777777778	0.0	1.0
100	100	10	50	1	0.1	0	0	3	0.1204	0.48616444444444445	0.11427935334180987	0.4916533333333333	0.0	1.0	nan	nan	8.051274547515263	0.5059293333333333	0.0	1.0	0.1	0.5	0.040866107271174415	0.5178413333333333	0.0	1.0	0.1	0.5	8.683940403362468e+17	0.5039071111111111	0.0	1.0	0.1	0.5	0.03570975085293076	0.4796204444444444	0.0	1.0	0.1	0.5	8.983421545306259	0.5051777777777777	0.0	1.0
500	50	1	5	1	0.1	0	0	1	0.04	0.9587755102040817	0.16674660253521723	0.8195918367346939	1.0	1.0	nan	nan	0.1588310646736897	0.9926530612244898	0.0	1.0	0.02	0.5	0.31895409904835953	0.825588081632653	0.0	1.0	0.02	0.5	6.367231158510815e+26	0.4972140408163265	0.0	1.0	0.02	0.5	0.0026200685103674125	1.0	0.0	1.0	0.02	0.5	0.21214223526862722	0.8571428571428572	0.0	1.0
500	50	1	5	1	0.1	0	0	2	0.10800000000000001	0.8355102040816327	0.07489604080825836	0.6865306122448979	0.0	1.0	nan	nan	0.06567228803982643	0.986938775510204	0.0	1.0	0.02	0.5	0.11091490151991282	0.8393879183673469	0.0	1.0	0.02	0.5	3.773869813282602e+26	0.4837149387755102	0.0	1.0	0.02	0.5	0.002812899581047402	1.0	0.0	1.0	0.02	0.5	0.07458493480420808	0.8367346938775511	0.0	1.0
500	50	1	5	1	0.1	0	0	3	0.3399999999999999	0.7746938775510204	0.12030009518738054	0.7812244897959183	1.0	1.0	nan	nan	0.10235484250729687	0.9322448979591836	0.0	1.0	0.02	0.5	0.15013821074255124	0.6365593469387755	0.0	1.0	0.02	0.5	5.1272128233009194e+26	0.48804718367346933	0.0	1.0	0.02	0.5	0.0026540063906398638	1.0	0.0	1.0	0.02	0.5	0.11795625599927041	0.7510204081632653	0.0	1.0
500	50	1	10	1	0.1	0	0	1	0.18800000000000006	0.8758163265306124	0.14103099951993048	0.8814285714285716	1.0	1.0	nan	nan	0.10903976100212531	0.9671428571428571	0.0	1.0	0.02	0.5	0.17136742045046752	0.7396180408163264	0.0	1.0	0.02	0.5	6.1544199143150836e+26	0.475633306122449	0.0	1.0	0.02	0.5	0.17648209680987662	0.9840816326530611	0.0	1.0	0.02	0.5	0.12953240374562874	0.7857142857142858	0.0	1.0
500	50	1	10	1	0.1	0	0	2	0.078	0.839795918367347	0.09091276317601305	0.833265306122449	1.0	1.0	nan	nan	0.09353540198887583	0.8348979591836734	0.0	1.0	0.02	0.5	0.13110886659043586	0.6162889795918367	0.0	1.0	0.02	0.5	3.89844782365099e+26	0.5031912653061225	0.0	1.0	0.02	0.5	0.1333479338469059	0.9891836734693878	0.0	1.0	0.02	0.5	0.1104133776535714	0.6653061224489796	0.0	1.0
500	50	1	10	1	0.1	0	0	3	0.22200000000000003	0.893673469387755	0.11606381078668702	0.8383673469387756	1.0	1.0	nan	nan	0.11130779116655949	0.8375510204081633	0.0	1.0	0.020000000000000004	0.5	0.14669308623383365	0.7498440000000001	0.0	1.0	0.020000000000000004	0.5	5.128861424417675e+26	0.49868816326530613	0.0	1.0	0.020000000000000004	0.5	0.12311349918928675	0.996938775510204	0.0	1.0	0.020000000000000004	0.5	0.1227255880608449	0.7673469387755103	0.0	1.0
500	50	1	50	1	0.1	0	0	1	0.122	0.5663265306122449	0.10206003612311651	0.5646857142857142	1.0	1.0	nan	nan	0.10511122597686924	0.46034285714285716	0.0	1.0	0.02	0.5	0.1063555497648501	0.5054758367346939	0.0	1.0	0.02	0.5	6.1208690009681486e+26	0.5183508571428571	0.0	1.0	0.02	0.5	0.06525358860015518	0.9353551020408163	0.0	1.0	0.02	0.5	0.11892525003948574	0.48693877551020415	0.0	1.0
500	50	1	50	1	0.1	0	0	2	0.1232	0.612604081632653	0.09487628808278556	0.614930612244898	1.0	1.0	nan	nan	0.09359333974966697	0.554930612244898	0.0	1.0	0.02	0.5	0.1124639447175013	0.4196029387755102	0.0	1.0	0.02	0.5	3.9847660442569156e+26	0.4854555918367347	0.0	1.0	0.02	0.5	0.056554425233483814	0.9321714285714287	0.0	1.0	0.02	0.5	0.1110601883104896	0.4289795918367347	0.0	1.0
500	50	1	50	1	0.1	0	0	3	0.11319999999999998	0.6130204081632653	0.10050432367522877	0.612195918367347	1.0	1.0	nan	nan	0.09321880042918408	0.6218285714285715	0.0	1.0	0.02	0.5	0.09689898201575607	0.5497795918367346	0.0	1.0	0.02	0.5	5.004015991979467e+26	0.48687730612244895	0.0	1.0	0.02	0.5	0.061471673014306366	0.9397714285714286	0.0	1.0	0.02	0.5	0.10656382627472018	0.576734693877551	0.0	1.0
500	50	2	5	1	0.1	0	0	1	0.204	0.7252083333333332	0.17455719081428525	0.7154166666666667	1.0	1.0	nan	nan	0.12258882060895733	0.8329166666666666	0.0	1.0	0.04	0.5	0.15032825885107617	0.46218304166666657	0.0	1.0	0.04	0.5	3.0055349575844113e+26	0.46726016666666664	0.0	1.0	0.04	0.5	0.001311199239201744	1.0	0.0	1.0	0.04	0.5	0.14641875369769697	0.6375	0.0	1.0
500	50	2	5	1	0.1	0	0	2	0.044000000000000004	0.7016666666666667	0.059729288969999406	0.6416666666666667	0.0	1.0	nan	nan	0.07964047650803374	0.7887500000000001	0.0	1.0	0.04000000000000001	0.5	0.11399785196598748	0.7064745	0.0	1.0	0.04000000000000001	0.5	2.032300273070923e+26	0.5262814583333333	0.0	1.0	0.04000000000000001	0.5	0.0015041903073592024	1.0	0.0	1.0	0.04000000000000001	0.5	0.0961183987941484	0.7	0.0	1.0
500	50	2	5	1	0.1	0	0	3	0.23199999999999996	0.8435416666666666	0.0689540277116445	0.7991666666666667	1.0	1.0	nan	nan	0.0761241067344887	0.96875	0.0	1.0	0.04	0.5	0.1419973410758104	0.743996625	0.0	1.0	0.04	0.5	2.491716362783606e+26	0.5016439166666666	0.0	1.0	0.04	0.5	0.0011732628183229938	1.0	0.0	1.0	0.04	0.5	0.10134744138828106	0.7833333333333333	0.0	1.0
500	50	2	10	1	0.1	0	0	1	0.142	0.8071875000000001	0.1174718609332574	0.7668750000000001	1.0	1.0	nan	nan	0.10310663996863631	0.7702083333333334	0.0	1.0	0.04	0.5	0.12435960239830432	0.5098478333333334	0.0	1.0	0.04	0.5	3.0762066892555106e+26	0.497936125	0.0	1.0	0.04	0.5	0.08867733786636929	0.9914583333333333	0.0	1.0	0.04	0.5	0.12190273116346555	0.5750000000000001	0.0	1.0
500	50	2	10	1	0.1	0	0	2	0.07400000000000001	0.71984375	0.06834421081327996	0.6980208333333333	1.0	1.0	nan	nan	0.07545312968608194	0.7355208333333334	0.0	1.0	0.04	0.5	0.09322880091184285	0.572647125	0.0	1.0	0.04	0.5	1.9509228457152922e+26	0.4978939166666666	0.0	1.0	0.04	0.5	0.0817092264231238	0.99	0.0	1.0	0.04	0.5	0.08468166075932229	0.5843750000000001	0.0	1.0
500	50	2	10	1	0.1	0	0	3	0.17	0.7968229166666667	0.08353121744540988	0.7886458333333333	1.0	1.0	nan	nan	0.08477221867437068	0.795	0.0	1.0	0.04	0.5	0.11541289701203139	0.578764125	0.0	1.0	0.04	0.5	2.5416612874108864e+26	0.4892720833333333	0.0	1.0	0.04	0.5	0.1258102191713188	0.9826041666666667	0.0	1.0	0.04	0.5	0.10146006905071164	0.578125	0.0	1.0
500	50	2	50	1	0.1	0	0	1	0.07080000000000002	0.5305166666666666	0.0890361311866446	0.5276833333333333	1.0	1.0	nan	nan	0.09029133218157456	0.5041708333333333	0.0	1.0	0.04	0.5	0.09138454868201265	0.4797671666666667	0.0	1.0	0.04	0.5	3.0747020229650062e+26	0.5049054166666667	0.0	1.0	0.04	0.5	0.06180295612902998	0.8738083333333333	0.0	1.0	0.04	0.5	0.09432152693777585	0.48604166666666676	0.0	1.0
500	50	2	50	1	0.1	0	0	2	0.1112	0.6348666666666667	0.09897048167935592	0.6329291666666668	1.0	1.0	nan	nan	0.08997030511838697	0.638625	0.0	1.0	0.04	0.5	0.1028825955329993	0.5023911666666667	0.0	1.0	0.04	0.5	1.939460781021859e+26	0.5111521250000001	0.0	1.0	0.04	0.5	0.06508855487908505	0.8661083333333334	0.0	1.0	0.04	0.5	0.10407584009767269	0.5191666666666667	0.0	1.0
500	50	2	50	1	0.1	0	0	3	0.0944	0.5636145833333334	0.09246193263999336	0.5600541666666667	1.0	1.0	nan	nan	0.09684551888556227	0.5752	0.0	1.0	0.04	0.5	0.09569419263263734	0.516609	0.0	1.0	0.04	0.5	2.503968505671147e+26	0.4784082083333333	0.0	1.0	0.04	0.5	0.061104984468966846	0.8789208333333334	0.0	1.0	0.04	0.5	0.10430484091824037	0.5320833333333334	0.0	1.0
500	50	5	5	1	0.1	0	0	1	0.5680000000000001	0.5783111111111111	0.06828418598126601	0.5667555555555556	0.0	1.0	nan	nan	0.08024778560850346	0.7827555555555555	0.0	1.0	0.1	0.5	0.11891450550390044	0.6040032888888889	0.0	1.0	0.1	0.5	1.2336026212900143e+26	0.5075712355555555	0.0	1.0	0.1	0.5	0.0004842446310191203	1.0	0.0	1.0	0.1	0.5	0.09273388523782214	0.6897777777777778	0.0	1.0
500	50	5	5	1	0.1	0	0	2	0.252	0.6885333333333333	0.05778854172567706	0.6716444444444445	1.0	1.0	nan	nan	0.059701663345954246	0.703111111111111	0.0	1.0	0.1	0.5	0.0812745272485232	0.6046927466666667	0.0	1.0	0.1	0.5	8.05189684842223e+25	0.48894396444444443	0.0	1.0	0.1	0.5	0.0005057580484928578	1.0	0.0	1.0	0.1	0.5	0.06464601061467774	0.6559999999999999	0.0	1.0
500	50	5	5	1	0.1	0	0	3	0.09600000000000002	0.6250666666666668	0.06934287864570693	0.5905777777777778	1.0	1.0	nan	nan	0.07941714993232181	0.6437333333333334	0.0	1.0	0.10000000000000002	0.5	0.10917403860147232	0.45215831111111116	0.0	1.0	0.10000000000000002	0.5	9.82278099993506e+25	0.4937888	0.0	1.0	0.10000000000000002	0.5	0.0005720856547606614	1.0	0.0	1.0	0.10000000000000002	0.5	0.09852479220771919	0.49422222222222223	0.0	1.0
500	50	5	10	1	0.1	0	0	1	0.136	0.5940444444444445	0.08010763314587754	0.5618222222222222	0.0	1.0	nan	nan	0.08885077431572072	0.6016444444444443	0.0	1.0	0.1	0.5	0.1021687732141711	0.4990391111111111	0.0	1.0	0.1	0.5	1.215184653373101e+26	0.48817653333333333	0.0	1.0	0.1	0.5	0.07430511777578894	0.9294666666666667	0.0	1.0	0.1	0.5	0.10105733254362788	0.5364444444444445	0.0	1.0
500	50	5	10	1	0.1	0	0	2	0.43199999999999994	0.5377555555555557	0.06785307369501016	0.5299999999999999	0.0	1.0	nan	nan	0.07355301198407735	0.5969777777777778	0.0	1.0	0.1	0.5	0.09192288343888702	0.5307521244444444	0.0	1.0	0.1	0.5	8.055819355108374e+25	0.5102991644444445	0.0	1.0	0.1	0.5	0.06461751935900142	0.9428	0.0	1.0	0.1	0.5	0.07926260559683165	0.5666666666666667	0.0	1.0
500	50	5	10	1	0.1	0	0	3	0.35	0.6267999999999999	0.06891742717662715	0.6218222222222223	0.0	1.0	nan	nan	0.0822310375218183	0.6463111111111111	0.0	1.0	0.1	0.5	0.10446825816552854	0.6055874311111111	0.0	1.0	0.1	0.5	9.897902804960838e+25	0.4855407822222222	0.0	1.0	0.1	0.5	0.06312439572098308	0.9474666666666667	0.0	1.0	0.1	0.5	0.10171151835089771	0.5702222222222222	0.0	1.0
500	50	5	50	1	0.1	0	0	1	0.12880000000000003	0.4775911111111111	0.09214472830987905	0.4779875555555555	0.0	1.0	nan	nan	0.0949779250588251	0.484896	0.0	1.0	0.1	0.5	0.08927852884796934	0.4792051911111111	0.0	1.0	0.1	0.5	1.2337204101901302e+26	0.49884673777777777	0.0	1.0	0.1	0.5	0.06140169502338454	0.7054453333333333	0.0	1.0	0.1	0.5	0.09767807524561897	0.4898666666666666	0.0	1.0
500	50	5	50	1	0.1	0	0	2	0.13720000000000002	0.5374248888888888	0.08611989392345762	0.5325457777777778	1.0	1.0	nan	nan	0.08449566998835656	0.5129742222222222	0.0	1.0	0.1	0.5	0.08619454564428247	0.4783086577777778	0.0	1.0	0.1	0.5	7.349646528378093e+25	0.5051501155555556	0.0	1.0	0.1	0.5	0.06285840177517117	0.688768	0.0	1.0	0.1	0.5	0.09321969327879279	0.4901333333333334	0.0	1.0
500	50	5	50	1	0.1	0	0	3	0.4760000000000001	0.49991377777777773	0.08909651035225388	0.4947742222222222	0.0	1.0	nan	nan	0.10347567676270868	0.5126115555555556	0.0	1.0	0.1	0.5	0.09054630899676801	0.511085848888889	0.0	1.0	0.1	0.5	9.935300099779938e+25	0.5020554844444445	0.0	1.0	0.1	0.5	0.06381588194393677	0.7057173333333334	0.0	1.0	0.1	0.5	0.10469738840812966	0.5212444444444444	0.0	1.0
500	100	1	5	1	0.1	0	0	1	0.418	0.6648484848484849	0.05552617719606581	0.6880808080808081	0.0	1.0	nan	nan	0.050207296641463915	0.9955555555555555	0.0	1.0	0.01	0.5	0.08239528573027838	0.9504136161616163	0.0	1.0	0.01	0.5	8.057690126484102e+36	0.5019017373737373	0.0	1.0	0.01	0.5	0.28036250047826405	0.9834343434343434	0.0	1.0	0.01	0.5	0.05760814699689514	0.9777777777777777	0.0	1.0
500	100	1	5	1	0.1	0	0	2	0.25399999999999995	0.7935353535353535	0.04554935404741571	0.7947474747474749	1.0	1.0	nan	nan	0.048737137368392955	0.926060606060606	0.0	1.0	0.01	0.5	0.06396542112330861	0.6593215353535353	0.0	1.0	0.01	0.5	8.692898975319897e+36	0.47919135353535347	0.0	1.0	0.01	0.5	1.15934015806986	0.7951515151515152	0.0	1.0	0.01	0.5	0.053280831372778226	0.6969696969696969	0.0	1.0
500	100	1	5	1	0.1	0	0	3	0.264	0.8478787878787879	0.04906054492011192	0.8303030303030303	1.0	1.0	nan	nan	0.054224498745762226	0.8513131313131314	0.0	1.0	0.01	0.5	0.06820752657600998	0.6770636363636363	0.0	1.0	0.01	0.5	7.97072593808466e+36	0.46845559595959596	0.0	1.0	0.01	0.5	0.7279170047250555	0.943030303030303	0.0	1.0	0.01	0.5	0.059428842388681014	0.7131313131313131	0.0	1.0
500	100	1	10	1	0.1	0	0	1	0.16599999999999998	0.7505050505050506	0.05381615642844051	0.7577777777777779	1.0	1.0	nan	nan	0.05288451968938623	0.7546464646464647	0.0	1.0	0.01	0.5	0.06879359494850602	0.535436	0.0	1.0	0.01	0.5	7.943906648059243e+36	0.4750361212121212	0.0	1.0	0.01	0.5	0.020860324701609825	0.9998989898989898	0.0	1.0	0.01	0.5	0.06246527312290717	0.5515151515151515	0.0	1.0
500	100	1	10	1	0.1	0	0	2	0.268	0.7554545454545455	0.06854000133693428	0.7258585858585859	1.0	1.0	nan	nan	0.056624014079503536	0.7148484848484848	0.0	1.0	0.010000000000000002	0.5	0.06970092188898913	0.33788585858585857	0.0	1.0	0.010000000000000002	0.5	8.802670982402714e+36	0.4779351111111111	0.0	1.0	0.010000000000000002	0.5	0.018689819227982803	1.0	0.0	1.0	0.010000000000000002	0.5	0.06676207592157817	0.3171717171717172	0.0	1.0
500	100	1	10	1	0.1	0	0	3	0.20800000000000005	0.767979797979798	0.05317804568994408	0.7749494949494949	1.0	1.0	nan	nan	0.04584482064927618	0.765959595959596	0.0	1.0	0.01	0.5	0.05639424347288224	0.6222562020202019	0.0	1.0	0.01	0.5	8.030323605356375e+36	0.5061929696969698	0.0	1.0	0.01	0.5	0.018022292316625804	1.0	0.0	1.0	0.01	0.5	0.05136178987799897	0.6484848484848484	0.0	1.0
500	100	1	50	1	0.1	0	0	1	0.08040000000000001	0.710040404040404	0.05616837149666841	0.7112606060606061	1.0	1.0	nan	nan	0.05554979682467431	0.5580404040404041	0.0	1.0	0.01	0.5	0.057610635582201135	0.48508294949494946	0.0	1.0	0.01	0.5	7.602091311625741e+36	0.5207212929292929	0.0	1.0	0.01	0.5	0.031673356654958906	0.9390262626262627	0.0	1.0	0.01	0.5	0.06176212418403988	0.49111111111111105	0.0	1.0
500	100	1	50	1	0.1	0	0	2	0.0852	0.6639555555555555	0.0615087548022813	0.6649050505050504	1.0	1.0	nan	nan	0.06579413196370475	0.5909212121212121	0.0	1.0	0.01	0.5	0.07425116621199462	0.5176273939393939	0.0	1.0	0.01	0.5	8.591707605639688e+36	0.4969893333333333	0.0	1.0	0.01	0.5	0.03458398245036854	0.9356929292929292	0.0	1.0	0.01	0.5	0.07565657956467713	0.5284848484848486	0.0	1.0
500	100	1	50	1	0.1	0	0	3	0.0812	0.6170666666666667	0.07345124105136455	0.6170505050505051	1.0	1.0	nan	nan	0.07917101423491771	0.511329292929293	0.0	1.0	0.01	0.5	0.0794553301858191	0.5332870707070707	0.0	1.0	0.01	0.5	8.053821993535628e+36	0.4897809292929293	0.0	1.0	0.01	0.5	0.03950568828505745	0.9222585858585859	0.0	1.0	0.01	0.5	0.08994762091598923	0.5371717171717172	0.0	1.0
500	100	5	5	1	0.1	0	0	1	0.524	0.7060210526315789	0.08763264744547646	0.6691368421052631	1.0	1.0	nan	nan	0.0429465559116527	0.7887157894736843	0.0	1.0	0.05000000000000001	0.5	0.06691352508079929	0.47710826105263154	0.0	1.0	0.05000000000000001	0.5	1.5484409111546203e+36	0.4815476126315789	0.0	1.0	0.05000000000000001	0.5	0.13651016080758172	0.7807157894736843	0.0	1.0	0.05000000000000001	0.5	0.07070441439781573	0.4938947368421053	0.0	1.0
500	100	5	5	1	0.1	0	0	2	0.43000000000000005	0.6159578947368421	0.04188392302943651	0.5938526315789474	0.0	1.0	nan	nan	0.04654519374114348	0.7246315789473683	0.0	1.0	0.05	0.5	0.06292129381451123	0.606701465263158	0.0	1.0	0.05	0.5	1.7415362955596195e+36	0.4821223073684211	0.0	1.0	0.05	0.5	0.11395818921095517	0.8675368421052632	0.0	1.0	0.05	0.5	0.05182827669548355	0.6597894736842105	0.0	1.0
500	100	5	5	1	0.1	0	0	3	0.27	0.7440842105263158	0.0440573015644273	0.7219368421052632	1.0	1.0	nan	nan	0.04687703619232112	0.8361263157894737	0.0	1.0	0.05	0.5	0.08725042368977562	0.6366051621052631	0.0	1.0	0.05	0.5	1.6068128685178417e+36	0.5169336673684211	0.0	1.0	0.05	0.5	0.07394684840478709	0.9409684210526316	0.0	1.0	0.05	0.5	0.07010442180609858	0.6277894736842105	0.0	1.0
500	100	5	10	1	0.1	0	0	1	0.2889999999999999	0.6116947368421053	0.07626728535237133	0.5966315789473684	1.0	1.0	nan	nan	0.064878923600112	0.5705473684210528	0.0	1.0	0.04999999999999999	0.5	0.0543239448683558	0.5130394021052631	0.0	1.0	0.04999999999999999	0.5	1.5188973654456963e+36	0.49341158736842106	0.0	1.0	0.04999999999999999	0.5	0.018635919753302428	0.9858736842105263	0.0	1.0	0.04999999999999999	0.5	0.08169417482438383	0.5044210526315789	0.0	1.0
500	100	5	10	1	0.1	0	0	2	0.44199999999999995	0.5822105263157895	0.04306727519560798	0.5789894736842105	0.0	1.0	nan	nan	0.05596607511598549	0.6074105263157896	0.0	1.0	0.05	0.5	0.056025284947245214	0.5332417431578947	0.0	1.0	0.05	0.5	1.7230314357721837e+36	0.5133077726315789	0.0	1.0	0.05	0.5	0.017577456487122688	0.9902105263157894	0.0	1.0	0.05	0.5	0.05848016915421311	0.5606315789473684	0.0	1.0
500	100	5	10	1	0.1	0	0	3	0.38	0.5899684210526316	0.06983239459442292	0.5926947368421054	1.0	1.0	nan	nan	0.05740358535501602	0.7019789473684211	0.0	1.0	0.05	0.5	0.06915057154883383	0.5633363284210526	0.0	1.0	0.05	0.5	1.5534669591649462e+36	0.48837626105263154	0.0	1.0	0.05	0.5	0.022497062959902926	0.9806526315789473	0.0	1.0	0.05	0.5	0.06852522531560562	0.607578947368421	0.0	1.0
500	100	5	50	1	0.1	0	0	1	0.15800000000000003	0.5045406315789474	0.052218779569351045	0.5036231578947368	0.0	1.0	nan	nan	0.05873250400322551	0.5012538947368421	0.0	1.0	0.04999999999999998	0.5	0.05193134402060945	0.48177913263157895	0.0	1.0	0.04999999999999998	0.5	1.5548050601645694e+36	0.5007042442105263	0.0	1.0	0.04999999999999998	0.5	0.031795954083137803	0.7090037894736843	0.0	1.0	0.04999999999999998	0.5	0.06219068934354762	0.4848421052631579	0.0	1.0
500	100	5	50	1	0.1	0	0	2	0.0764	0.53848	0.0485263863225423	0.5365284210526315	1.0	1.0	nan	nan	0.052096326520189196	0.48791915789473683	0.0	1.0	0.05	0.5	0.04518044775613335	0.4909886147368422	0.0	1.0	0.05	0.5	1.7222823302466203e+36	0.5061010021052632	0.0	1.0	0.05	0.5	0.03061136112247172	0.6522930526315789	0.0	1.0	0.05	0.5	0.05436784174805531	0.4935578947368421	0.0	1.0
500	100	5	50	1	0.1	0	0	3	0.10580000000000002	0.5156273684210526	0.06487638447226703	0.5146972631578948	1.0	1.0	nan	nan	0.07152060791917778	0.49856336842105264	0.0	1.0	0.04999999999999999	0.5	0.05727236028623117	0.47813453473684214	0.0	1.0	0.04999999999999999	0.5	1.6185896118109915e+36	0.5027169515789474	0.0	1.0	0.04999999999999999	0.5	0.03500689920191301	0.6408572631578947	0.0	1.0	0.04999999999999999	0.5	0.07794706182941938	0.4832	0.0	1.0
500	100	10	5	1	0.1	0	0	1	0.10400000000000001	0.6998666666666665	0.036821398331279065	0.6432888888888888	1.0	1.0	nan	nan	0.04002785065607221	0.6232888888888889	0.0	1.0	0.10000000000000002	0.5	0.05518481066971801	0.5220579244444444	0.0	1.0	0.10000000000000002	0.5	7.850268764936142e+35	0.49830833777777783	0.0	1.0	0.10000000000000002	0.5	0.006130103226975407	1.0	0.0	1.0	0.10000000000000002	0.5	0.05306234170901536	0.5268888888888887	0.0	1.0
500	100	10	5	1	0.1	0	0	2	0.43	0.5536000000000001	0.043383789896125693	0.5742444444444444	0.0	1.0	nan	nan	0.052014583934217	0.6232	0.0	1.0	0.1	0.5	0.05828709276794068	0.48590070222222226	0.0	1.0	0.1	0.5	8.631066082966286e+35	0.48706796888888887	0.0	1.0	0.1	0.5	0.11851381952858056	0.8593777777777777	0.0	1.0	0.1	0.5	0.05869713726671175	0.5608888888888888	0.0	1.0
500	100	10	5	1	0.1	0	0	3	0.43800000000000006	0.5777777777777777	0.0459199009840237	0.5572222222222222	0.0	1.0	nan	nan	0.05335779960704652	0.6721333333333334	0.0	1.0	0.1	0.5	0.0636572668088978	0.5657655066666667	0.0	1.0	0.1	0.5	7.668900012547713e+35	0.48535512444444445	0.0	1.0	0.1	0.5	0.25490625998229216	0.8868	0.0	1.0	0.1	0.5	0.06832346001328968	0.6226666666666667	0.0	1.0
500	100	10	10	1	0.1	0	0	1	0.13299999999999998	0.5544777777777778	0.04843527215931635	0.5356333333333333	0.0	1.0	nan	nan	0.06419850590134055	0.5444611111111112	0.0	1.0	0.1	0.5	0.05576127676897293	0.5222173111111111	0.0	1.0	0.1	0.5	7.537725177160419e+35	0.49575750222222226	0.0	1.0	0.1	0.5	0.01742550687813968	0.9476444444444445	0.0	1.0	0.1	0.5	0.07049804732119977	0.5382222222222223	0.0	1.0
500	100	10	10	1	0.1	0	0	2	0.152	0.5118	0.04576715541861802	0.5103333333333333	1.0	1.0	nan	nan	0.05238024441445247	0.5372333333333333	0.0	1.0	0.1	0.5	0.04771694530772366	0.49136766222222217	0.0	1.0	0.1	0.5	8.764307506543749e+35	0.49037610666666664	0.0	1.0	0.1	0.5	0.017468777958512368	0.9180555555555555	0.0	1.0	0.1	0.5	0.05832397210699449	0.4968888888888889	0.0	1.0
500	100	10	10	1	0.1	0	0	3	0.16700000000000004	0.6082833333333333	0.06032354713114254	0.5574611111111111	0.0	1.0	nan	nan	0.05613261407144576	0.6049277777777777	0.0	1.0	0.1	0.5	0.06595465856137567	0.5596766266666667	0.0	1.0	0.1	0.5	7.731578970980469e+35	0.48674744000000003	0.0	1.0	0.1	0.5	0.020662463589859178	0.9303666666666668	0.0	1.0	0.1	0.5	0.06344087356937139	0.5710000000000001	0.0	1.0
500	100	10	50	1	0.1	0	0	1	0.131	0.5016068888888889	0.049371071112517685	0.5027917777777777	0.0	1.0	nan	nan	0.06303137063709748	0.48878111111111117	0.0	1.0	0.10000000000000002	0.5	0.04549086222152915	0.4942065911111111	0.0	1.0	0.10000000000000002	0.5	7.91235777035214e+35	0.4898018266666667	0.0	1.0	0.10000000000000002	0.5	0.03266936417102183	0.5952000000000001	0.0	1.0	0.10000000000000002	0.5	0.0650019894465217	0.47973333333333334	0.0	1.0
500	100	10	50	1	0.1	0	0	2	0.13140000000000002	0.4993855555555556	0.05169911119291282	0.4973795555555556	0.0	1.0	nan	nan	0.06625540120610232	0.4945133333333333	0.0	1.0	0.10000000000000002	0.5	0.046711826348984006	0.48825169777777777	0.0	1.0	0.10000000000000002	0.5	8.472384327408149e+35	0.4942211377777778	0.0	1.0	0.10000000000000002	0.5	0.030973392258444393	0.6028231111111111	0.0	1.0	0.10000000000000002	0.5	0.06853733785065554	0.4913777777777778	0.0	1.0
500	100	10	50	1	0.1	0	0	3	0.16699999999999998	0.5279111111111111	0.06339934289342308	0.5271844444444445	1.0	1.0	nan	nan	0.06583494282975405	0.47768799999999995	0.0	1.0	0.09999999999999998	0.5	0.049045672992346266	0.48362644	0.0	1.0	0.09999999999999998	0.5	7.816059814875652e+35	0.4944968311111111	0.0	1.0	0.09999999999999998	0.5	0.033314774343641135	0.6015493333333333	0.0	1.0	0.09999999999999998	0.5	0.06893199767367268	0.4878666666666667	0.0	1.0
500	500	1	5	1	0.1	0	0	1	0.4228	0.669058116232465	0.011220667117076618	0.7040480961923848	0.0	1.0	nan	nan	1.1716756996577813	0.5108617234468937	0.0	1.0	0.002	0.5	0.07355960214670426	0.6958413306613227	0.0	1.0	0.002	0.5	2.3438647270233093e+58	0.522756112224449	0.0	1.0	0.002	0.5	0.00675919350980311	1.0	0.0	1.0	0.002	0.5	2.0298151042592707	0.5703406813627254	0.0	1.0
500	500	1	5	1	0.1	0	0	2	0.20639999999999997	0.7621242484969939	0.07848485028638369	0.6972344689378758	1.0	1.0	nan	nan	38.86542732193528	0.6447294589178356	0.0	1.0	0.002	0.5	0.10730965823019188	0.6058509739478957	0.0	1.0	0.002	0.5	1.8560827545277012e+58	0.5064685531062125	0.0	1.0	0.002	0.5	0.010155400358214276	1.0	0.0	1.0	0.002	0.5	87.9855943103009	0.5567134268537075	0.0	1.0
500	500	1	5	1	0.1	0	0	3	0.2636	0.9457715430861724	0.03383257628711543	0.8282965931863728	1.0	1.0	nan	nan	9.61312686305779	0.6920240480961923	0.0	1.0	0.002	0.5	0.052417315298341746	0.6094285931863728	0.0	1.0	0.002	0.5	2.3839664971190305e+58	0.49643687374749496	0.0	1.0	0.002	0.5	0.0060401835496059295	1.0	0.0	1.0	0.002	0.5	12.465095158380194	0.5170340681362726	0.0	1.0
500	500	1	10	1	0.1	0	0	1	0.14120000000000002	0.8872845691382766	0.025562180379965032	0.8733266533066132	1.0	1.0	nan	nan	33.03871995301047	0.49603206412825646	0.0	1.0	0.002	0.5	0.1055863779244379	0.41963926252505007	0.0	1.0	0.002	0.5	2.2218938312337582e+58	0.4878310861723446	0.0	1.0	0.002	0.5	0.005939156641065854	0.9997194388777555	0.0	1.0	0.002	0.5	43.72634395945149	0.5617234468937877	0.0	1.0
500	500	1	10	1	0.1	0	0	2	0.22960000000000003	0.874188376753507	0.04770104116734225	0.8257114228456914	1.0	1.0	nan	nan	99.2450866164256	0.6141683366733467	0.0	1.0	0.002	0.5	0.09762151794275492	0.4447782845691383	0.0	1.0	0.002	0.5	1.8780637758964908e+58	0.4860894188376754	0.0	1.0	0.002	0.5	0.008414406050061518	0.9991182364729458	0.0	1.0	0.002	0.5	94.38748062943566	0.6012024048096193	0.0	1.0
500	500	1	10	1	0.1	0	0	3	0.0808	0.8973947895791583	0.03646374215770556	0.901002004008016	1.0	1.0	nan	nan	4.75124673519017	0.6810420841683367	0.0	1.0	0.002	0.5	0.08643393010408824	0.39525402004008015	0.0	1.0	0.002	0.5	2.3420683124099765e+58	0.5329576513026053	0.0	1.0	0.002	0.5	0.0061224394955342884	0.9997394789579158	0.0	1.0	0.002	0.5	3.045476031577261	0.5837675350701403	0.0	1.0
500	500	1	50	1	0.1	0	0	1	0.0496	0.5495362725450901	0.03327610651002695	0.5503559118236473	1.0	1.0	nan	nan	31.732907114335088	0.44604328657314635	0.0	1.0	0.002	0.5	0.11393081844657714	0.4691065971943888	0.0	1.0	0.002	0.5	2.1306293043704277e+58	0.49299813226452904	0.0	1.0	0.002	0.5	0.007950592180162338	0.9323486973947895	0.0	1.0	0.002	0.5	89.7322476274216	0.48925851703406814	0.0	1.0
500	500	1	50	1	0.1	0	0	2	0.04228	0.5941042084168336	0.03252954875396485	0.5928993987975952	1.0	1.0	nan	nan	9.520214941229797	0.5948809619238477	0.0	1.0	0.002	0.5	0.11428302797619076	0.569487743486974	0.0	1.0	0.002	0.5	1.8392636663820418e+58	0.4852435911823648	0.0	1.0	0.002	0.5	0.007538610704781897	0.957260120240481	0.0	1.0	0.002	0.5	27.598592612720662	0.549498997995992	0.0	1.0
500	500	1	50	1	0.1	0	0	3	0.05136	0.6052304609218437	0.03245035064223069	0.6051751503006012	1.0	1.0	nan	nan	8.71827974912887	0.41586372745490985	0.0	1.0	0.002	0.5	0.09247122560165204	0.4933595591182365	0.0	1.0	0.002	0.5	2.3663482477204873e+58	0.5023331623246493	0.0	1.0	0.002	0.5	0.007350271701273515	0.9515767535070139	0.0	1.0	0.002	0.5	8.540825359348622	0.45975951903807616	0.0	1.0
500	500	25	5	1	0.1	0	0	1	0.7716000000000001	0.5111393684210526	0.01026587507002785	0.5250576842105263	0.0	1.0	nan	nan	85.02686767438739	0.5011233684210527	0.0	1.0	0.05	0.5	0.010633125335358366	0.5333586546526315	0.0	1.0	0.05	0.5	6.087468726058189e+56	0.5048221146947369	0.0	1.0	0.05	0.5	0.005889567673707066	0.8277187368421053	0.0	1.0	0.05	0.5	109.98355087240607	0.5119999999999999	0.0	1.0
500	500	25	5	1	0.1	0	0	2	0.5988	0.534005894736842	0.011608163123213423	0.535296	0.0	1.0	nan	nan	14.2338724160756	0.49886315789473684	0.0	1.0	0.05	0.5	0.010802896638722475	0.48768907183157895	0.0	1.0	0.05	0.5	8.720340273025118e+56	0.4995790784	0.0	1.0	0.05	0.5	0.005663567498101357	0.8529178947368421	0.0	1.0	0.05	0.5	12.930386533294204	0.5048926315789474	0.0	1.0
500	500	25	5	1	0.1	0	0	3	0.0968	0.5199393684210527	0.01652017285791656	0.526346105263158	0.0	1.0	nan	nan	2.9900358717926685	0.5367275789473684	0.0	1.0	0.05	0.5	0.0098522972138907	0.5151981877894737	0.0	1.0	0.05	0.5	9.400544054404215e+56	0.5020920074105263	0.0	1.0	0.05	0.5	0.005651164981222173	0.8579031578947368	0.0	1.0	0.05	0.5	3.9111717901014686	0.534298947368421	0.0	1.0
500	500	25	10	1	0.1	0	0	1	0.4434	0.5301440000000001	0.023978207606271736	0.5258530526315789	0.0	1.0	nan	nan	3.336475540219601	0.47134821052631576	0.0	1.0	0.05	0.5	0.011974787040810975	0.5084773450105262	0.0	1.0	0.05	0.5	7.420912434437856e+56	0.49901326349473685	0.0	1.0	0.05	0.5	0.006446299809295842	0.7290004210526315	0.0	1.0	0.05	0.5	6.711114585185531	0.5140884210526315	0.0	1.0
500	500	25	10	1	0.1	0	0	2	0.431	0.5354320000000001	0.02188881634168887	0.5335873684210526	0.0	1.0	nan	nan	8.370066860797442	0.4987157894736842	0.0	1.0	0.049999999999999996	0.5	0.009844709476298586	0.5171649384421053	0.0	1.0	0.049999999999999996	0.5	9.016717334048694e+56	0.4992944936421052	0.0	1.0	0.049999999999999996	0.5	0.006209320661208843	0.7559309473684209	0.0	1.0	0.049999999999999996	0.5	5.522583442482052	0.5002273684210525	0.0	1.0
500	500	25	10	1	0.1	0	0	3	0.2312	0.5261781052631579	0.0670550277079133	0.527312	1.0	1.0	nan	nan	34.52617316891827	0.5012909473684211	0.0	1.0	0.05	0.5	0.009862727613458383	0.5136304855578947	0.0	1.0	0.05	0.5	9.469709824278786e+56	0.49396254147368424	0.0	1.0	0.05	0.5	0.00630327506308572	0.7061103157894736	0.0	1.0	0.05	0.5	36.19894076891651	0.50464	0.0	1.0
500	500	25	50	1	0.1	0	0	1	0.22964000000000004	0.503620547368421	0.021689631551171998	0.5039009515789474	0.0	1.0	nan	nan	11.202599388562607	0.5080667957894737	0.0	1.0	0.05	0.5	0.011335701833907292	0.5112081061052632	0.0	1.0	0.05	0.5	7.390946318851644e+56	0.5010258873263158	0.0	1.0	0.05	0.5	0.007012042386134575	0.5487595452631578	0.0	1.0	0.05	0.5	16.018700424602393	0.4994307368421053	0.0	1.0
500	500	25	50	1	0.1	0	0	2	0.07944	0.5013616505263158	0.028890927277161103	0.5033459031578947	0.0	1.0	nan	nan	19.70142509547621	0.5111291957894736	0.0	1.0	0.05000000000000001	0.5	0.010599913787408427	0.5003274765473684	0.0	1.0	0.05000000000000001	0.5	7.474022391441871e+56	0.4984289886315789	0.0	1.0	0.05000000000000001	0.5	0.006906437179104119	0.5354409431578948	0.0	1.0	0.05000000000000001	0.5	10.165764063678377	0.49864926315789476	0.0	1.0
500	500	25	50	1	0.1	0	0	3	0.38976	0.5041958231578947	0.028440377640410713	0.5025749726315789	0.0	1.0	nan	nan	15.582626514988695	0.5004507284210526	0.0	1.0	0.05	0.5	0.011041804503282255	0.5149143151157894	0.0	1.0	0.05	0.5	8.680234248999852e+56	0.4967654676210526	0.0	1.0	0.05	0.5	0.0072451708118973146	0.5368950568421054	0.0	1.0	0.05	0.5	11.926859037641087	0.49857684210526315	0.0	1.0
500	500	50	5	1	0.1	0	0	1	0.2716	0.5703155555555555	0.01809573967360566	0.5655253333333332	1.0	1.0	nan	nan	1.4627719028090278	0.4947662222222222	0.0	1.0	0.1	0.5	0.008751543321632626	0.49342859946666673	0.0	1.0	0.1	0.5	3.079794955607175e+56	0.49737018293333335	0.0	1.0	0.1	0.5	0.005776632374767803	0.7292462222222221	0.0	1.0	0.1	0.5	1.4510130183782306	0.48689777777777776	0.0	1.0
500	500	50	5	1	0.1	0	0	2	0.434	0.5207164444444445	0.017184818879742533	0.519536	0.0	1.0	nan	nan	36.4599976025138	0.4774168888888889	0.0	1.0	0.1	0.5	0.008445453948977543	0.5032364174222222	0.0	1.0	0.1	0.5	5.397934453053869e+56	0.49530431182222223	0.0	1.0	0.1	0.5	0.0056003045232936	0.7114293333333334	0.0	1.0	0.1	0.5	16.635301299751447	0.48168888888888894	0.0	1.0
500	500	50	5	1	0.1	0	0	3	0.24480000000000002	0.5079742222222223	0.05023665494399333	0.5041653333333334	0.0	1.0	nan	nan	15.919817438829424	0.4965084444444445	0.0	1.0	0.1	0.5	0.0086211266266153	0.4963247870222222	0.0	1.0	0.1	0.5	4.463617978822935e+56	0.5036672638222223	0.0	1.0	0.1	0.5	0.005507746766234818	0.7409048888888888	0.0	1.0	0.1	0.5	15.23159004554323	0.4849066666666667	0.0	1.0
500	500	50	10	1	0.1	0	0	1	0.36079999999999995	0.4987453333333334	0.01845848135546747	0.49552711111111114	0.0	1.0	nan	nan	14.889105987146955	0.5095311111111112	0.0	1.0	0.1	0.5	0.00993517101120736	0.4799189004444445	0.0	1.0	0.1	0.5	2.6607681133418196e+56	0.49799844391111103	0.0	1.0	0.1	0.5	0.006486999741641935	0.6334142222222222	0.0	1.0	0.1	0.5	11.76932737242258	0.5005555555555555	0.0	1.0
500	500	50	10	1	0.1	0	0	2	0.18280000000000002	0.5196488888888889	0.03546255432944961	0.5174684444444444	0.0	1.0	nan	nan	11.590850430517811	0.5116413333333334	0.0	1.0	0.10000000000000002	0.5	0.008744264690999254	0.4984210615111111	0.0	1.0	0.10000000000000002	0.5	3.7129025768062474e+56	0.5031423799111111	0.0	1.0	0.10000000000000002	0.5	0.0065103434010152185	0.6228226666666666	0.0	1.0	0.10000000000000002	0.5	13.083531292860503	0.5101866666666666	0.0	1.0
500	500	50	10	1	0.1	0	0	3	0.381	0.500402888888889	0.027661918638807192	0.49954022222222216	0.0	1.0	nan	nan	3.4955308366768856	0.4903328888888888	0.0	1.0	0.1	0.5	0.0096937473600473	0.5058976266666667	0.0	1.0	0.1	0.5	3.8927125191367237e+56	0.4989520766222222	0.0	1.0	0.1	0.5	0.006599650357023801	0.6351528888888889	0.0	1.0	0.1	0.5	4.7969590572887855	0.4962755555555555	0.0	1.0
500	500	50	50	1	0.1	0	0	1	0.7028399999999999	0.49849064	0.01364868399456318	0.5026276622222222	0.0	1.0	nan	nan	4.266428491122906	0.5022786844444445	0.0	1.0	0.10000000000000002	0.5	0.009504162717545249	0.5065533969777778	0.0	1.0	0.10000000000000002	0.5	3.920214561482303e+56	0.49980694311111107	0.0	1.0	0.10000000000000002	0.5	0.007030453312911791	0.5245607822222222	0.0	1.0	0.10000000000000002	0.5	5.497754564039346	0.49691288888888896	0.0	1.0
500	500	50	50	1	0.1	0	0	2	0.41964	0.5028641955555555	0.03094060165290499	0.5030277422222222	0.0	1.0	nan	nan	21.48999639004113	0.4998950577777778	0.0	1.0	0.1	0.5	0.009575535293933754	0.5045316719999999	0.0	1.0	0.1	0.5	4.249526041687654e+56	0.49822372959999994	0.0	1.0	0.1	0.5	0.007081886146375302	0.5142438044444444	0.0	1.0	0.1	0.5	21.769302987720195	0.5010462222222223	0.0	1.0
500	500	50	50	1	0.1	0	0	3	0.33503999999999995	0.4936669777777778	0.028783999261758356	0.4925876088888889	0.0	1.0	nan	nan	5.486617177891268	0.4993270577777778	0.0	1.0	0.10000000000000002	0.5	0.010329703118941389	0.5115895967999999	0.0	1.0	0.10000000000000002	0.5	4.054575575889984e+56	0.5003390300444445	0.0	1.0	0.10000000000000002	0.5	0.007284307560528654	0.5221267022222222	0.0	1.0	0.10000000000000002	0.5	3.013801358883762	0.5098524444444444	0.0	1.0
