0331,1
1004,1
0256,1,rs10990302,7.605225849268999e-05,rs10449246,8.463352564149416e-05,rs692008,0.00010284611473132455,rs11655371,0.00015974482697747927,rs11117124,0.00034175875907840777
0702,1
0667,1
1318,1
1106,1
1326,1
0552,1
0832,1
1226,1
1387,1
0887,1
0658,1
0276,1
1097,1
0729,1,rs10990302,2.5421293498277725e-06,rs3846336,1.0958691817380302e-05,rs13359710,1.449761084650534e-05,rs692008,1.5541795722400547e-05,rs10449246,1.5701117831253216e-05,rs12901610,1.6309576375812037e-05,rs7293134,2.014301581145132e-05,rs4970834,3.3781382742806294e-05,rs7965347,3.753364694382942e-05,rs2270587,4.999313796713409e-05,rs568259,6.079336296069988e-05,rs11117124,7.019384555763175e-05,rs9340941,7.184914708882636e-05,rs6942609,8.45029163295507e-05,rs7086664,8.687134473947686e-05,rs11655371,9.365272141098538e-05,rs4936295,0.00010055789623350126,rs7516611,0.00014887276813073464,rs12514775,0.00016414034269444667,rs442253,0.00017351607473688614,rs16954730,0.00017689519476043718,rs190309,0.000188053912234127,rs10506551,0.00019658109013977838,rs12999289,0.0002174898948449578,rs2517826,0.00023469053750048213,rs2806957,0.0002456505142984401,rs2331796,0.00028107919774946085,rs11877439,0.0003095928873052661,rs9909324,0.00031445563690835787,rs2741334,0.0003205345327070863,rs4980345,0.0003487759403595478,rs7713532,0.00035917606039511014
0566,1
0978,1
0878,1,rs10990302,0.00010021473905682714,rs10449246,0.00010264310226222129,rs11655371,0.0001759147002975604,rs692008,0.00019527159995564775,rs985453,0.00021839287575401486
0752,1
1427,1
0514,1
0376,1
1130,1,rs10990302,9.6447181875606e-06,rs10449246,1.4629279020620007e-05,rs692008,3.931185361989326e-05,rs13359710,4.6059006086304563e-05,rs4970834,5.046681808598264e-05,rs12901610,5.3691801894445755e-05,rs11655371,7.014319846226889e-05,rs2270587,8.40746680285659e-05,rs3846336,8.76548995526169e-05,rs7965347,9.671468075033177e-05,rs11117124,0.00010896520679161593,rs6942609,0.00011953811652669767,rs7086664,0.00013361628583545852,rs568259,0.00013732119512103823,rs7293134,0.00016588138211593462,rs9340941,0.00020945156129145508,rs4936295,0.00023109361188881756,rs12999289,0.0002561817035808921,rs7516611,0.00026518462917808454,rs12514775,0.00032645627220965253,rs16954730,0.0003516591124206108,rs2741334,0.0003546033556529513
0952,1,rs985453,0.00011786577900340777,rs10990302,0.00018209905066524985,rs10449246,0.00018577294658900432,rs11655371,0.00024602808571003144,rs692008,0.0002671791417577666,rs17834334,0.0003270484616762118
0626,1
0695,1
1243,1,rs985453,0.0001258666117930707,rs10990302,0.0001706452366133407,rs10449246,0.0001725483543416051,rs11655371,0.00023021921022178964,rs692008,0.0002716987503950907,rs17834334,0.00034489978998950737
1007,1,rs985453,0.00012726922064261147,rs10990302,0.00016947663395743367,rs10449246,0.0001723099879656606,rs11655371,0.00022028768878609581,rs692008,0.00024822777001578546,rs17834334,0.0003731682343840257
0294,1
0869,1
1331,1
1117,1,rs10449246,6.629949288102401e-05,rs10990302,6.718664814058736e-05,rs692008,0.00012070343689886167,rs11655371,0.00013886942306951875,rs6942609,0.00033430624836899354,rs568259,0.0003585084677017483
0588,1
0126,1
1030,1
0160,1,rs10449246,8.861258670705148e-05,rs10990302,9.072120275468865e-05,rs692008,0.000118126483271563,rs11655371,0.0001904006939483935,rs985453,0.0003666366124035712
0217,1
1394,1
1425,1,rs985453,0.00011925489371168187,rs10990302,0.00018302835446437559,rs10449246,0.00018687560434491193,rs11655371,0.00024416270861199035,rs692008,0.00026028740483411246,rs17834334,0.00032879061126441905
0101,1,rs10990302,4.0005709168195224e-05,rs10449246,4.939003275975018e-05,rs692008,7.076666319058794e-05,rs11655371,0.0001675599901491744,rs12901610,0.00019044126889172889,rs13359710,0.0002630542920057411,rs11117124,0.00028462670995961254,rs4970834,0.0002944674106564273,rs568259,0.00029868252448405583,rs7965347,0.00035195324098167153,rs6942609,0.0003558450286400634
1351,1,rs985453,0.00015519017564686515,rs10449246,0.0001600863964763909,rs10990302,0.00019814126393846718,rs11655371,0.00021736785398607795,rs692008,0.00023465468340043544
0906,1,rs10990302,5.696630030188936e-06,rs692008,2.52251120546627e-05,rs10449246,2.6773529932531074e-05,rs13359710,3.1065224440479604e-05,rs12901610,4.384517712318612e-05,rs7965347,7.862389123392372e-05,rs4970834,8.245593217739399e-05,rs3846336,9.400037015022892e-05,rs7293134,0.00010860901827790523,rs11655371,0.00011458686166199062,rs568259,0.0001160970784474458,rs11117124,0.00012062983087365137,rs2270587,0.0001434669065705177,rs6942609,0.00014753462274865942,rs7086664,0.00015371657076229973,rs4936295,0.00022231457187690264,rs9340941,0.00022232823886631097,rs7516611,0.00023511967268718172,rs442253,0.0003162634370042764,rs16954730,0.00034467796114219274,rs12514775,0.00036230502074193063
0042,1
0361,1
0227,1
0830,1
0915,1
0142,1
0269,1
0572,1,rs10990302,6.927324820047444e-05,rs10449246,7.454850956999677e-05,rs692008,9.880577746294123e-05,rs11655371,0.00019309448270215534
0128,1,rs10449246,0.0001363061768719469,rs10990302,0.00014768416251673036,rs11655371,0.00016890643671754545,rs692008,0.0002066989569643291,rs985453,0.00020903289573092213
1066,1
0997,1
0873,1
0625,1
0649,1
0925,1,rs985453,0.000119139315580548,rs10449246,0.00018762728451399277,rs10990302,0.000193714732887376,rs11655371,0.00024698688530832885,rs692008,0.00026072359567307757,rs17834334,0.0003350225531031816
0922,1,rs10990302,1.605352749258543e-05,rs10449246,3.32602604652262e-05,rs692008,3.542636574704929e-05,rs11655371,8.415793223553295e-05,rs13359710,0.00011375315500476835,rs7965347,0.00012159759942526196,rs4970834,0.00012834023435936108,rs12901610,0.00013238575751038596,rs11117124,0.00013724160493401488,rs568259,0.00014288256289414665,rs6942609,0.00017537041532212386,rs3846336,0.0002605749397041661,rs2270587,0.0003558704242856301
1078,1,rs985453,0.00011957080420264973,rs10449246,0.00018398311054979076,rs10990302,0.00019697045403227654,rs11655371,0.00024224043294969835,rs692008,0.0002659343307039946,rs17834334,0.0003403406088200777
1407,1,rs10990302,1.4325652456722772e-05,rs10449246,3.43864297859118e-05,rs692008,4.663606982151166e-05,rs12901610,6.0602630461898996e-05,rs13359710,0.00010017757393574003,rs7965347,0.00014886057753056093,rs4970834,0.00015619599107016523,rs11655371,0.00015921039066572873,rs11117124,0.00018788368908237616,rs568259,0.00019583866648294204,rs3846336,0.0002100213069036861,rs7086664,0.00025185264400383973,rs6942609,0.0002599426642260571,rs442253,0.00028780795400203547
0994,1
0539,1
0135,1,rs12901610,3.3497936322496925e-06,rs10990302,3.83331406390997e-06,rs10449246,1.0683040234691088e-05,rs13359710,1.0990952455678065e-05,rs692008,1.3172287646668017e-05,rs4970834,2.7955951331128443e-05,rs3846336,3.2062589893996564e-05,rs7965347,4.031450507898525e-05,rs9340941,4.050853961003749e-05,rs11117124,5.703926509096496e-05,rs7086664,5.9341025972362424e-05,rs2270587,6.0704856404467694e-05,rs7293134,6.385947947143138e-05,rs4936295,6.509972480304487e-05,rs442253,7.081454264543751e-05,rs4980345,8.801448153905558e-05,rs568259,8.92069423815483e-05,rs11655371,9.125811456884328e-05,rs7516611,9.584161972540624e-05,rs6942609,0.00011465349553991463,rs16954730,0.00014488653309345005,rs190309,0.0001686303115302583,rs16988087,0.00019792753271622227,rs2517826,0.0002008604265424874,rs9909324,0.0002150728658125485,rs10506551,0.00022730162867620824,rs7713532,0.00022849572538715762,rs2741334,0.000260610881337898,rs7195261,0.0002615560369197491,rs2806957,0.00027934946939643586,rs12999289,0.0002873348106844275,rs2331796,0.00030127039616042767,rs12514775,0.00030652082128582495,rs16827747,0.00031219136457272137,rs2565050,0.00032003882032499443
0834,1
0289,1,rs10990302,1.6077664257538957e-05,rs10449246,2.45448523068481e-05,rs692008,3.3198378343672265e-05,rs12901610,3.5754037116691357e-05,rs13359710,5.960014958487395e-05,rs4970834,6.799650776769026e-05,rs11117124,0.00010565485734220861,rs11655371,0.0001145248469257742,rs7965347,0.00011629413410791257,rs4936295,0.00015356535695435302,rs568259,0.0001545783075488604,rs6942609,0.0002022161695199133,rs3846336,0.00020825921263745335,rs2270587,0.00023189579994534014,rs7086664,0.00023914801302968107,rs442253,0.00028132593528421365,rs9340941,0.0003141026317397871,rs9909324,0.00033327470031362783
1271,1
0408,1,rs10990302,3.260923735940676e-05,rs10449246,4.348186962562309e-05,rs692008,6.0705921912810926e-05,rs12901610,0.00012536496456162874,rs11655371,0.00016623325355740145,rs13359710,0.0001952767553096681,rs4970834,0.00024167067322564546,rs568259,0.0002553386879685869,rs11117124,0.00025665467362069133,rs7965347,0.000296511397380834,rs6942609,0.00032633530695404055,rs7086664,0.0003542056310920576
0108,1,rs985453,0.00013060393860786563,rs10449246,0.00017972719948901523,rs10990302,0.00018457317748928233,rs11655371,0.00021539819269174245,rs692008,0.00026343540595531495,rs17834334,0.00037293543929853615
1032,1
0214,1,rs10990302,4.274546347865658e-05,rs10449246,7.448026132636558e-05,rs692008,8.509751965519887e-05,rs11655371,0.00016855293477709062,rs11117124,0.0002968785659865363,rs4970834,0.00032587396873363976,rs568259,0.0003272742467500406,rs12901610,0.0003529540070654876
1282,1,rs10990302,0.00014345895118987197,rs10449246,0.00016112590603801233,rs985453,0.00017837412181459934,rs692008,0.00018808604867385817,rs11655371,0.0002011590669637193
0973,1,rs10990302,9.913989635404395e-05,rs10449246,0.00010324514181295735,rs11655371,0.00019175671870651527,rs692008,0.00019954023449841797,rs985453,0.00026279611724205426
1010,1,rs985453,0.00011754908090373825,rs10990302,0.00018451863397188318,rs10449246,0.00018761445969956366,rs11655371,0.0002445593252168302,rs692008,0.00026720373727985743,rs17834334,0.000328924582366874
0292,1
0835,1,rs10990302,6.69230878688793e-05,rs10449246,8.261472341917499e-05,rs692008,0.0001258599010855406,rs11655371,0.00016015133373379142,rs6942609,0.0003260312955554401
1057,1,rs10990302,3.6300183567396706e-07,rs13359710,1.209046236099449e-06,rs3846336,1.5083829606338107e-06,rs12901610,3.7954744775758083e-06,rs10449246,6.313423999514986e-06,rs7293134,9.071320299599587e-06,rs692008,1.3084834837879862e-05,rs9340941,1.3293671530050215e-05,rs2270587,1.3393191702955599e-05,rs7965347,1.6002224765083993e-05,rs4970834,1.7018138122883257e-05,rs7086664,2.0596501530421062e-05,rs6942609,2.5955597022436982e-05,rs568259,3.0526484884817504e-05,rs4936295,3.365583605897351e-05,rs12514775,4.955042575271355e-05,rs7516611,5.2081156570167894e-05,rs11117124,6.0583109381084986e-05,rs1655528,6.109783362002829e-05,rs2517826,6.110713128584634e-05,rs16954730,6.63692102818938e-05,rs442253,6.893324875087089e-05,rs7195261,8.335003760600691e-05,rs16988087,8.572790201751995e-05,rs12999289,8.584028126550754e-05,rs7713532,9.166564483362841e-05,rs17586966,9.693697072363027e-05,rs11655371,9.816621622809438e-05,rs2741334,0.00010056596143692779,rs4980345,0.00010149944605389141,rs2331796,0.00010154736507745759,rs190309,0.00011575427914606122,rs11877439,0.00012101718648872084,rs2806957,0.00013712435505245168,rs10506551,0.00013965774313928222,rs9909324,0.00015888147543804482,rs8041354,0.00017562995668250715,rs1005948,0.00018143763177454322,rs2565050,0.00020505109198308043,rs10045385,0.00023238802019566804,rs17794441,0.00024203225598106712,rs12944016,0.0002497823881127614,rs4736337,0.0002551399988562295,rs10820241,0.00025875264767471866,rs1717662,0.0002661015282053067,rs10737498,0.0002849199444647488,rs580032,0.00028841777241105164,rs224534,0.0003080259158593581,rs12363417,0.0003128710658014365,rs6075234,0.000344628679754155,rs4876731,0.0003584649285966049,rs6897719,0.0003640843281340717,rs7335780,0.0003664340515642605
0563,1
1043,1,rs10990302,4.332904239442842e-05,rs10449246,8.481136372817498e-05,rs692008,0.00012316095316922788,rs11655371,0.00014148003184469304,rs568259,0.00033095094648705507,rs985453,0.0003412182028077729,rs6942609,0.0003647028233898674
0945,1
