100	50	1	5	1	0.1	0	0	1	0.24799999999999997	0.6873469387755101	0.09303680332754852	0.6816326530612244	1.0	1.0	nan	nan	0.1567895473373052	0.5746938775510204	0.0	1.0	0.02	0.5	0.07716609562849423	0.31230408163265305	0.0	1.0	0.02	0.5	0.17367030408477166	0.45383061224489796	0.0	1.0	0.02	0.5	11225.714609628025	0.44734693877551024	0.0	1.0
100	50	1	5	1	0.1	0	0	2	0.544	0.7306122448979592	0.3039145045591289	0.7020408163265307	1.0	1.0	nan	nan	0.18988117842662386	0.683265306122449	0.0	1.0	0.02	0.5	0.0920412809903634	0.4283816326530612	0.0	1.0	0.02	0.5	0.2444912740799051	0.5250020408163265	0.0	1.0	0.02	0.5	2936.1109987681143	0.4636734693877551	0.0	1.0
100	50	1	5	1	0.1	0	0	3	0.25199999999999995	0.7363265306122448	0.1717766407282255	0.7444897959183674	1.0	1.0	nan	nan	0.31340429647871704	0.876734693877551	0.0	1.0	0.02	0.5	0.14646711919395183	0.44343673469387757	0.0	1.0	0.02	0.5	0.4525590698672189	0.6558693877551021	0.0	1.0	0.02	0.5	6827.288229860022	0.4775510204081632	0.0	1.0
100	50	1	10	1	0.1	0	0	1	0.162	0.6112244897959184	0.14100407991996294	0.6175510204081632	1.0	1.0	nan	nan	0.20867801025638186	0.5491836734693878	0.0	1.0	0.02	0.5	0.07613757047286578	0.3976775510204082	0.0	1.0	0.02	0.5	0.23521717809289686	0.48881836734693884	0.0	1.0	0.02	0.5	40365.11310536277	0.4685714285714285	0.0	1.0
100	50	1	10	1	0.1	0	0	2	0.22399999999999998	0.7072448979591837	0.17082227425100097	0.7230612244897959	1.0	1.0	nan	nan	0.2375325118535786	0.5279591836734694	0.0	1.0	0.02	0.5	0.10229219154034802	0.5033224489795918	0.0	1.0	0.02	0.5	0.27420312080252857	0.566908163265306	0.0	1.0	0.02	0.5	72005.25131843644	0.42469387755102045	0.0	1.0
100	50	1	10	1	0.1	0	0	3	0.268	0.5908163265306123	0.24290258579791016	0.613265306122449	1.0	1.0	nan	nan	0.28733124233025076	0.6130612244897959	0.0	1.0	0.02	0.5	0.12028283500591971	0.5637	0.0	1.0	0.02	0.5	0.35473831906916503	0.632742857142857	0.0	1.0	0.02	0.5	23809.9587529084	0.4897959183673469	0.0	1.0
100	50	1	50	1	0.1	0	0	1	0.0996	0.4995510204081633	0.22109691075915217	0.5134204081632654	1.0	1.0	nan	nan	0.388207075283931	0.5026530612244897	0.0	1.0	0.02	0.5	0.1253650327372159	0.5446693877551021	0.0	1.0	0.02	0.5	0.4525420395740106	0.5206612244897959	0.0	1.0	0.02	0.5	5438231.651781073	0.5345877551020408	0.0	1.0
100	50	1	50	1	0.1	0	0	2	0.11599999999999999	0.5617551020408162	0.24921944094874326	0.5713714285714286	1.0	1.0	nan	nan	0.3598932092805014	0.5770857142857143	0.0	1.0	0.02	0.5	0.11931625824788478	0.4673795918367347	0.0	1.0	0.02	0.5	0.4114696342908309	0.5189448979591837	0.0	1.0	0.02	0.5	5479946.039008287	0.515273469387755	0.0	1.0
100	50	1	50	1	0.1	0	0	3	0.029200000000000004	0.4708816326530612	0.1337836398729438	0.48245714285714286	1.0	1.0	nan	nan	0.24061541539301803	0.4194285714285715	0.0	1.0	0.02	0.5	0.10149644783298406	0.46002857142857145	0.0	1.0	0.02	0.5	0.2635789225629022	0.4818959183673469	0.0	1.0	0.02	0.5	128107073.85842997	0.5311673469387755	0.0	1.0
100	50	2	5	1	0.1	0	0	1	0.524	0.6366666666666667	0.13139546367034322	0.59875	0.0	1.0	nan	nan	0.21372418968505372	0.6733333333333333	0.0	1.0	0.04	0.5	0.08481796359473179	0.483496875	0.0	1.0	0.04	0.5	0.2907347520250655	0.6562781249999999	0.0	1.0	0.04	0.5	24911.91014677093	0.45708333333333334	0.0	1.0
100	50	2	5	1	0.1	0	0	2	0.4439999999999999	0.6089583333333334	0.1266382405401535	0.6245833333333333	0.0	1.0	nan	nan	0.2851412441857098	0.5870833333333334	0.0	1.0	0.04	0.5	0.07388891489401346	0.3865437500000001	0.0	1.0	0.04	0.5	0.33541800023621726	0.5215031250000001	0.0	1.0	0.04	0.5	645.6181724419239	0.4225	0.0	1.0
100	50	2	5	1	0.1	0	0	3	0.22	0.79875	0.09546067301226872	0.7875000000000001	1.0	1.0	nan	nan	0.15600191184624154	0.7762500000000001	0.0	1.0	0.04	0.5	0.10213131126682075	0.36477083333333327	0.0	1.0	0.04	0.5	0.2187541645583134	0.6442510416666667	0.0	1.0	0.04	0.5	23653.235128277993	0.52625	0.0	1.0
100	50	2	10	1	0.1	0	0	1	0.1	0.6490625000000001	0.20590435442325777	0.6390625000000001	1.0	1.0	nan	nan	0.3251969387220102	0.5632291666666667	0.0	1.0	0.04	0.5	0.07539302022997683	0.507390625	0.0	1.0	0.04	0.5	0.3525867236487864	0.5471802083333334	0.0	1.0	0.04	0.5	58610.02151025153	0.5969791666666666	0.0	1.0
100	50	2	10	1	0.1	0	0	2	0.094	0.6173958333333334	0.2811893855414426	0.6063541666666666	1.0	1.0	nan	nan	0.5564674470716899	0.48906250000000007	0.0	1.0	0.04	0.5	0.09642133744498732	0.598509375	0.0	1.0	0.04	0.5	0.584446967071645	0.49494270833333337	0.0	1.0	0.04	0.5	27004.144910783623	0.4619791666666666	0.0	1.0
100	50	2	10	1	0.1	0	0	3	0.138	0.5636458333333333	0.19969218846297312	0.5639583333333333	1.0	1.0	nan	nan	0.283473053304928	0.6052083333333333	0.0	1.0	0.04	0.5	0.09528945238022939	0.44703020833333335	0.0	1.0	0.04	0.5	0.2972276622256326	0.535490625	0.0	1.0	0.04	0.5	42698.75171229997	0.5639583333333333	0.0	1.0
100	50	2	50	1	0.1	0	0	1	0.0616	0.50826875	0.14807913884474883	0.5098499999999999	1.0	1.0	nan	nan	0.2876023708584439	0.4923458333333333	0.0	1.0	0.04	0.5	0.0849176278382401	0.46778437500000003	0.0	1.0	0.04	0.5	0.30411180303881385	0.46816562500000003	0.0	1.0	0.04	0.5	6765900.19495416	0.47838749999999997	0.0	1.0
100	50	2	50	1	0.1	0	0	2	0.11240000000000001	0.5313125	0.20650117732670917	0.5309708333333334	1.0	1.0	nan	nan	0.37114698430487914	0.5098333333333334	0.0	1.0	0.04	0.5	0.09180246896128848	0.5137229166666667	0.0	1.0	0.04	0.5	0.40251915981353986	0.4931854166666667	0.0	1.0	0.04	0.5	5257585.127718527	0.5118041666666667	0.0	1.0
100	50	2	50	1	0.1	0	0	3	0.07520000000000002	0.5485687499999999	0.15606077504441648	0.5485958333333333	1.0	1.0	nan	nan	0.36749117467516984	0.5268916666666668	0.0	1.0	0.04	0.5	0.07703415212947835	0.5009020833333333	0.0	1.0	0.04	0.5	0.4279597895496192	0.510303125	0.0	1.0	0.04	0.5	32973747.021617323	0.5138999999999999	0.0	1.0
100	50	5	5	1	0.1	0	0	1	0.288	0.6332444444444444	0.15134595892648278	0.6334222222222221	1.0	1.0	nan	nan	0.2936209595997427	0.5187555555555555	0.0	1.0	0.1	0.5	0.08112588186154264	0.5197342222222223	0.0	1.0	0.1	0.5	0.32883716010809194	0.5235124444444446	0.0	1.0	0.1	0.5	46321.97198667619	0.5279999999999999	0.0	1.0
100	50	5	5	1	0.1	0	0	2	0.128	0.6992	0.1877677085826362	0.6307555555555555	1.0	1.0	nan	nan	0.292982771380848	0.5381333333333334	0.0	1.0	0.1	0.5	0.08798511556741088	0.37126666666666663	0.0	1.0	0.1	0.5	0.3564482818098643	0.5151266666666666	0.0	1.0	0.1	0.5	638.0162661775277	0.5509333333333333	0.0	1.0
100	50	5	5	1	0.1	0	0	3	0.16799999999999998	0.5065777777777778	0.1707622156255898	0.5319111111111111	1.0	1.0	nan	nan	0.6127854594343753	0.5269333333333334	0.0	1.0	0.10000000000000002	0.5	0.09077374742487052	0.5183271111111111	0.0	1.0	0.10000000000000002	0.5	0.6589464693701781	0.5651360000000001	0.0	1.0	0.10000000000000002	0.5	130420.2946220669	0.5095111111111111	0.0	1.0
100	50	5	10	1	0.1	0	0	1	0.324	0.5502	0.1603339635598596	0.5553777777777777	0.0	1.0	nan	nan	0.29060415407944024	0.5084888888888889	0.0	1.0	0.10000000000000002	0.5	0.07905720494249766	0.4472444444444444	0.0	1.0	0.10000000000000002	0.5	0.3232549675356073	0.5008155555555556	0.0	1.0	0.10000000000000002	0.5	35868.94127244588	0.518888888888889	0.0	1.0
100	50	5	10	1	0.1	0	0	2	0.14	0.5719555555555556	0.14113409145429268	0.5593777777777778	1.0	1.0	nan	nan	0.29700663009830286	0.4799555555555556	0.0	1.0	0.1	0.5	0.0879229421851849	0.44049866666666665	0.0	1.0	0.1	0.5	0.3068821517444994	0.46636044444444447	0.0	1.0	0.1	0.5	12818.137254844103	0.4312	0.0	1.0
100	50	5	10	1	0.1	0	0	3	0.36	0.5676	0.14608215410688835	0.5592222222222222	0.0	1.0	nan	nan	0.3392418246570488	0.5548000000000001	0.0	1.0	0.09999999999999998	0.5	0.07510435469171083	0.5030671111111111	0.0	1.0	0.09999999999999998	0.5	0.3843330025555139	0.5114591111111111	0.0	1.0	0.09999999999999998	0.5	78057.63120089524	0.5200444444444444	0.0	1.0
100	50	5	50	1	0.1	0	0	1	0.13520000000000001	0.4632817777777778	0.21095692083771436	0.4623128888888889	1.0	1.0	nan	nan	0.5107513982349073	0.49695466666666666	0.0	1.0	0.10000000000000002	0.5	0.07939002154353472	0.5085328888888888	0.0	1.0	0.10000000000000002	0.5	0.5156051301389547	0.5177248888888889	0.0	1.0	0.10000000000000002	0.5	8207456.2782165315	0.5133048888888888	0.0	1.0
100	50	5	50	1	0.1	0	0	2	0.1664	0.5186408888888889	0.16515566136394144	0.5236871111111111	1.0	1.0	nan	nan	0.3313920798414486	0.48963022222222224	0.0	1.0	0.09999999999999998	0.5	0.07478765972553567	0.5021235555555555	0.0	1.0	0.09999999999999998	0.5	0.36684572365745677	0.5009284444444444	0.0	1.0	0.09999999999999998	0.5	6188194.048495149	0.5063857777777778	0.0	1.0
100	50	5	50	1	0.1	0	0	3	0.1324	0.5061048888888889	0.1757206794743298	0.5103635555555556	1.0	1.0	nan	nan	0.30431635301390025	0.48878933333333335	0.0	1.0	0.1	0.5	0.0734497171083367	0.5088688888888888	0.0	1.0	0.1	0.5	0.3107529444974883	0.49273422222222224	0.0	1.0	0.1	0.5	11659058.222573062	0.5047182222222223	0.0	1.0
100	100	1	5	1	0.1	0	0	1	0.252	0.5828282828282828	0.09673213497442618	0.5745454545454545	1.0	1.0	nan	nan	2.6977277974456433	0.40606060606060607	0.0	1.0	0.01	0.5	0.24626841699858906	0.2932111111111111	0.0	1.0	0.01	0.5	195131.43412679635	0.4241434343434344	0.0	1.0	0.01	0.5	54247.239564614036	0.5410101010101009	0.0	1.0
100	100	1	5	1	0.1	0	0	2	0.344	0.709090909090909	0.11686989502045667	0.618989898989899	1.0	1.0	nan	nan	58.42186586116209	0.6626262626262626	0.0	1.0	0.01	0.5	0.039566231252091695	0.469070707070707	0.0	1.0	0.01	0.5	32684.931692224498	0.5299171717171717	0.0	1.0	0.01	0.5	6573.141449021138	0.4121212121212121	0.0	1.0
100	100	1	5	1	0.1	0	0	3	0.43	0.6474747474747475	0.08527853944632793	0.623030303030303	0.0	1.0	nan	nan	6.8825603765708	0.25575757575757574	0.0	1.0	0.01	0.5	0.09373163359377669	0.3676212121212121	0.0	1.0	0.01	0.5	119887.98419566767	0.4741262626262627	0.0	1.0	0.01	0.5	59096.2394911174	0.3713131313131314	0.0	1.0
100	100	1	10	1	0.1	0	0	1	0.106	0.7359595959595959	0.22190076643690912	0.7014141414141415	1.0	1.0	nan	nan	8.29044383656261	0.3343434343434344	0.0	1.0	0.01	0.5	0.07092786719778138	0.5427171717171718	0.0	1.0	0.01	0.5	3016.436551371484	0.47006666666666663	0.0	1.0	0.01	0.5	321551.1417369213	0.48898989898989903	0.0	1.0
100	100	1	10	1	0.1	0	0	2	0.14299999999999996	0.7225757575757575	0.21984909205391362	0.693939393939394	1.0	1.0	nan	nan	253.44118228783282	0.608989898989899	0.0	1.0	0.01	0.5	0.5851251242873	0.5856787878787878	0.0	1.0	0.01	0.5	6474.701341422117	0.5447131313131313	0.0	1.0	0.01	0.5	6087.05906355551	0.47919191919191917	0.0	1.0
100	100	1	10	1	0.1	0	0	3	0.161	0.6985353535353536	0.1441526494461962	0.7002020202020203	1.0	1.0	nan	nan	3.63905203794995	0.47252525252525257	0.0	1.0	0.01	0.5	0.3729957759531322	0.4791626262626263	0.0	1.0	0.01	0.5	406463.0271069005	0.470910101010101	0.0	1.0	0.01	0.5	380780.51291007566	0.5456565656565656	0.0	1.0
100	100	1	50	1	0.1	0	0	1	0.05979999999999999	0.4406585858585858	0.13023647672704258	0.4491070707070707	1.0	1.0	nan	nan	5.002118130454244	0.5157858585858586	0.0	1.0	0.01	0.5	0.21059588601549944	0.49792828282828283	0.0	1.0	0.01	0.5	8520.321775269542	0.4296565656565656	0.0	1.0	0.01	0.5	333192674.87664944	0.5167313131313132	0.0	1.0
100	100	1	50	1	0.1	0	0	2	0.0634	0.4852444444444444	0.16265328163023443	0.493389898989899	1.0	1.0	nan	nan	32.83695028779387	0.46253333333333335	0.0	1.0	0.01	0.5	0.5100408900333914	0.4702171717171717	0.0	1.0	0.01	0.5	46904.42042422412	0.5234969696969697	0.0	1.0	0.01	0.5	23170461215.675068	0.5456929292929292	0.0	1.0
100	100	1	50	1	0.1	0	0	3	0.0444	0.5277959595959596	0.14955529741595913	0.5301454545454546	1.0	1.0	nan	nan	22.130018289594403	0.5809212121212122	0.0	1.0	0.01	0.5	0.3883578078718653	0.4934090909090909	0.0	1.0	0.01	0.5	14548.777070022108	0.5351535353535353	0.0	1.0	0.01	0.5	840961963.4512209	0.466759595959596	0.0	1.0
100	100	5	5	1	0.1	0	0	1	0.092	0.588378947368421	0.08830415588909049	0.5366315789473685	1.0	1.0	nan	nan	12.620905370989359	0.4778105263157894	0.0	1.0	0.05000000000000001	0.5	0.03740065816662148	0.5272762105263158	0.0	1.0	0.05000000000000001	0.5	683.6413902556226	0.5092987368421054	0.0	1.0	0.05000000000000001	0.5	196715.75590340333	0.4765473684210526	0.0	1.0
100	100	5	5	1	0.1	0	0	2	0.09200000000000001	0.6181473684210527	0.10659178798967053	0.5964631578947369	1.0	1.0	nan	nan	140.90276403015585	0.45810526315789474	0.0	1.0	0.05	0.5	0.05056534893554684	0.528169052631579	0.0	1.0	0.05	0.5	11145.17761334494	0.5037088421052631	0.0	1.0	0.05	0.5	28237.57162559017	0.5253894736842105	0.0	1.0
100	100	5	5	1	0.1	0	0	3	0.46399999999999997	0.538821052631579	0.14973698529626794	0.5564631578947368	0.0	1.0	nan	nan	28.374375143039703	0.5442526315789474	0.0	1.0	0.05000000000000001	0.5	0.04252295048646344	0.5059896842105263	0.0	1.0	0.05000000000000001	0.5	550708.1255407159	0.5085189473684211	0.0	1.0	0.05000000000000001	0.5	37342.722803821714	0.39856842105263157	0.0	1.0
100	100	5	10	1	0.1	0	0	1	0.07900000000000001	0.5473368421052632	0.06931112952656433	0.5133157894736842	0.0	1.0	nan	nan	13.815556092189734	0.45284210526315793	0.0	1.0	0.05	0.5	0.03947096649608881	0.50776	0.0	1.0	0.05	0.5	18458.599855898163	0.5093021052631579	0.0	1.0	0.05	0.5	133151.42733388656	0.49837894736842103	0.0	1.0
100	100	5	10	1	0.1	0	0	2	0.436	0.5201894736842105	0.09844360833316204	0.5154842105263158	0.0	1.0	nan	nan	734.9850476364152	0.5502736842105262	0.0	1.0	0.05	0.5	0.04465436632152811	0.4728433684210526	0.0	1.0	0.05	0.5	30529.61743936236	0.5332467368421052	0.0	1.0	0.05	0.5	8017.521281775216	0.5400631578947369	0.0	1.0
100	100	5	10	1	0.1	0	0	3	0.3439999999999999	0.5324947368421054	0.16294864810127238	0.5305473684210527	0.0	1.0	nan	nan	17.589163658702088	0.5413684210526316	0.0	1.0	0.05	0.5	0.05568226760111553	0.49613073684210524	0.0	1.0	0.05	0.5	321048.0453539342	0.5042185263157895	0.0	1.0	0.05	0.5	684536.7213612292	0.5269894736842106	0.0	1.0
100	100	5	50	1	0.1	0	0	1	0.0688	0.5169932631578947	0.11681858088421167	0.5181086315789474	0.0	1.0	nan	nan	5.734835614934423	0.5008842105263157	0.0	1.0	0.05	0.5	0.043474822067649556	0.5163614736842106	0.0	1.0	0.05	0.5	19446.366183592258	0.5253402105263159	0.0	1.0	0.05	0.5	100075879.43715401	0.5264715789473685	0.0	1.0
100	100	5	50	1	0.1	0	0	2	0.0694	0.49260799999999993	0.11793380108055443	0.4938467368421052	1.0	1.0	nan	nan	13.55135576529751	0.4945978947368422	0.0	1.0	0.05	0.5	0.04861210119752964	0.506793052631579	0.0	1.0	0.05	0.5	4159.902779710201	0.5005332631578947	0.0	1.0	0.05	0.5	861932533704.8125	0.4966324210526315	0.0	1.0
100	100	5	50	1	0.1	0	0	3	0.11739999999999999	0.5083574736842105	0.18265995715940203	0.5100816842105264	0.0	1.0	nan	nan	87.38114054431018	0.47163200000000005	0.0	1.0	0.05	0.5	0.05076426265501547	0.5021052631578947	0.0	1.0	0.05	0.5	8974.501409657474	0.507481052631579	0.0	1.0	0.05	0.5	61439724.45102956	0.500405052631579	0.0	1.0
100	100	10	5	1	0.1	0	0	1	0.11399999999999999	0.5769333333333333	0.05264136975137459	0.5221111111111111	1.0	1.0	nan	nan	3.728344156741352	0.5100888888888888	0.0	1.0	0.1	0.5	0.03648959726960756	0.5195916666666667	0.0	1.0	0.1	0.5	7463.263008858444	0.49657699999999994	0.0	1.0	0.1	0.5	101799.36343376119	0.47573333333333334	0.0	1.0
100	100	10	5	1	0.1	0	0	2	0.426	0.5854888888888887	0.08995209831483332	0.5731111111111111	1.0	1.0	nan	nan	55.6758692767998	0.5694222222222223	0.0	1.0	0.09999999999999998	0.5	0.043558045432362746	0.5500385555555556	0.0	1.0	0.09999999999999998	0.5	131141.5015936853	0.49464833333333336	0.0	1.0	0.09999999999999998	0.5	29044.91797853259	0.4878222222222222	0.0	1.0
100	100	10	5	1	0.1	0	0	3	0.5979999999999999	0.49959999999999993	0.12924175486128087	0.5194666666666666	0.0	1.0	nan	nan	6.894122680450266	0.565288888888889	0.0	1.0	0.09999999999999998	0.5	0.04656820517099837	0.5269106666666666	0.0	1.0	0.09999999999999998	0.5	660725.8565094105	0.496551	0.0	1.0	0.09999999999999998	0.5	12821.524195541177	0.48062222222222223	0.0	1.0
100	100	10	10	1	0.1	0	0	1	0.43399999999999994	0.5039722222222223	0.08191628932036009	0.4980555555555556	0.0	1.0	nan	nan	2.431705994198728	0.5374111111111111	0.0	1.0	0.1	0.5	0.03758572460254818	0.5234193333333333	0.0	1.0	0.1	0.5	106388.82598290635	0.4964735555555556	0.0	1.0	0.1	0.5	45483.38423653577	0.5067444444444444	0.0	1.0
100	100	10	10	1	0.1	0	0	2	0.368	0.5008055555555556	0.10345557097423368	0.5067111111111111	0.0	1.0	nan	nan	81.10899535298799	0.48773333333333335	0.0	1.0	0.1	0.5	0.03750293143778168	0.48711433333333337	0.0	1.0	0.1	0.5	143661.89395299956	0.486082	0.0	1.0	0.1	0.5	9027.015378987982	0.5183777777777778	0.0	1.0
100	100	10	10	1	0.1	0	0	3	0.44800000000000006	0.4723777777777778	0.12823098784307202	0.4803	0.0	1.0	nan	nan	37.72642112104642	0.47628888888888893	0.0	1.0	0.09999999999999998	0.5	0.04328433195682519	0.49727688888888893	0.0	1.0	0.09999999999999998	0.5	453462.85819195013	0.499586	0.0	1.0	0.09999999999999998	0.5	1613251.869648751	0.4943222222222222	0.0	1.0
100	100	10	50	1	0.1	0	0	1	0.1294	0.4806402222222222	0.13232488853514007	0.4827093333333333	0.0	1.0	nan	nan	4.194645378618442	0.5010044444444445	0.0	1.0	0.09999999999999998	0.5	0.04024111369203943	0.493876	0.0	1.0	0.09999999999999998	0.5	20775.76544125718	0.5056171111111111	0.0	1.0	0.09999999999999998	0.5	19424838.60824667	0.5107488888888889	0.0	1.0
100	100	10	50	1	0.1	0	0	2	0.14020000000000002	0.49929799999999996	0.13928773118662335	0.49695066666666665	0.0	1.0	nan	nan	146.15280534657106	0.5060448888888889	0.0	1.0	0.1	0.5	0.03924108969880753	0.5037551111111112	0.0	1.0	0.1	0.5	4583.985607197685	0.488408	0.0	1.0	0.1	0.5	39679863285.68239	0.5063733333333333	0.0	1.0
100	100	10	50	1	0.1	0	0	3	0.1204	0.48616444444444445	0.11427935334180987	0.4916533333333333	0.0	1.0	nan	nan	8.051274547515263	0.5059293333333333	0.0	1.0	0.1	0.5	0.040866107271174415	0.5178413333333333	0.0	1.0	0.1	0.5	8861.83129972759	0.505905111111111	0.0	1.0	0.1	0.5	184497308.8447507	0.5042342222222223	0.0	1.0
500	50	1	5	1	0.1	0	0	1	0.04	0.9587755102040817	0.16674660253521723	0.8195918367346939	1.0	1.0	nan	nan	0.1588310646736897	0.9926530612244898	0.0	1.0	0.02	0.5	0.3194484083728695	0.8243064489795918	0.0	1.0	0.02	0.5	739633914914.4773	0.4929404081632653	0.0	1.0	0.02	0.5	0.0026200685103674125	1.0	0.0	1.0
500	50	1	5	1	0.1	0	0	2	0.10800000000000001	0.8355102040816327	0.07489604080825836	0.6865306122448979	0.0	1.0	nan	nan	0.06567228803982643	0.986938775510204	0.0	1.0	0.02	0.5	0.11108644915808616	0.8405666122448978	0.0	1.0	0.02	0.5	111332016902.14655	0.5026118367346939	0.0	1.0	0.02	0.5	0.0028128995810474	1.0	0.0	1.0
500	50	1	5	1	0.1	0	0	3	0.3399999999999999	0.7746938775510204	0.12030009518738054	0.7812244897959183	1.0	1.0	nan	nan	0.10235484250729687	0.9322448979591836	0.0	1.0	0.02	0.5	0.15009782691527784	0.6373605714285715	0.0	1.0	0.02	0.5	4199246555694.05	0.4920702040816326	0.0	1.0	0.02	0.5	0.0026540063906398664	1.0	0.0	1.0
500	50	1	10	1	0.1	0	0	1	0.18800000000000006	0.8758163265306124	0.14103099951993048	0.8814285714285716	1.0	1.0	nan	nan	0.10903976100212531	0.9671428571428571	0.0	1.0	0.02	0.5	0.17153953255886858	0.7389602448979591	0.0	1.0	0.02	0.5	921860386.8134421	0.4760921632653062	0.0	1.0	0.02	0.5	337.9239607042834	0.7153061224489796	0.0	1.0
500	50	1	10	1	0.1	0	0	2	0.078	0.839795918367347	0.09091276317601305	0.833265306122449	1.0	1.0	nan	nan	0.09353540198887583	0.8348979591836734	0.0	1.0	0.02	0.5	0.1277373644646495	0.6186736326530613	0.0	1.0	0.02	0.5	3368593553.702375	0.5051521632653062	0.0	1.0	0.02	0.5	2.4404171458500814	0.7771428571428571	0.0	1.0
500	50	1	10	1	0.1	0	0	3	0.22200000000000003	0.893673469387755	0.11606381078668702	0.8383673469387756	1.0	1.0	nan	nan	0.11130779116655949	0.8375510204081633	0.0	1.0	0.020000000000000004	0.5	0.15385103871784492	0.764157224489796	0.0	1.0	0.020000000000000004	0.5	580112345951.236	0.4895182857142857	0.0	1.0	0.020000000000000004	0.5	42.164478208805406	0.8548979591836735	0.0	1.0
500	50	1	50	1	0.1	0	0	1	0.122	0.5663265306122449	0.10206003612311651	0.5646857142857142	1.0	1.0	nan	nan	0.10511122597686924	0.46034285714285716	0.0	1.0	0.02	0.5	0.11344550314911146	0.5040061224489796	0.0	1.0	0.02	0.5	9316698320.538256	0.501446693877551	0.0	1.0	0.02	0.5	257292.63886392678	0.471665306122449	0.0	1.0
500	50	1	50	1	0.1	0	0	2	0.1232	0.612604081632653	0.09487628808278556	0.614930612244898	1.0	1.0	nan	nan	0.09359333974966697	0.554930612244898	0.0	1.0	0.02	0.5	0.10252605560701285	0.41703297959183677	0.0	1.0	0.02	0.5	241756958859.13242	0.5213021224489796	0.0	1.0	0.02	0.5	23711586.19812892	0.5429387755102041	0.0	1.0
500	50	1	50	1	0.1	0	0	3	0.11319999999999998	0.6130204081632653	0.10050432367522877	0.612195918367347	1.0	1.0	nan	nan	0.09321880042918408	0.6218285714285715	0.0	1.0	0.02	0.5	0.09492771129321334	0.5488915918367347	0.0	1.0	0.02	0.5	325974542717.98804	0.4914419591836735	0.0	1.0	0.02	0.5	36401.235212547246	0.4575918367346939	0.0	1.0
500	50	2	5	1	0.1	0	0	1	0.204	0.7252083333333332	0.17455719081428525	0.7154166666666667	1.0	1.0	nan	nan	0.12258882060895733	0.8329166666666666	0.0	1.0	0.04	0.5	0.15885932678329268	0.4892323333333333	0.0	1.0	0.04	0.5	8254399693.875048	0.4882241666666667	0.0	1.0	0.04	0.5	0.0013111992392017416	1.0	0.0	1.0
500	50	2	5	1	0.1	0	0	2	0.044000000000000004	0.7016666666666667	0.059729288969999406	0.6416666666666667	0.0	1.0	nan	nan	0.07964047650803374	0.7887500000000001	0.0	1.0	0.04000000000000001	0.5	0.1138879041575821	0.707956625	0.0	1.0	0.04000000000000001	0.5	2884645581.1188183	0.5185247916666667	0.0	1.0	0.04000000000000001	0.5	0.0015041903073592028	1.0	0.0	1.0
500	50	2	5	1	0.1	0	0	3	0.23199999999999996	0.8435416666666666	0.0689540277116445	0.7991666666666667	1.0	1.0	nan	nan	0.0761241067344887	0.96875	0.0	1.0	0.04	0.5	0.12818497823195268	0.70246575	0.0	1.0	0.04	0.5	1293786050425.112	0.5094786666666666	0.0	1.0	0.04	0.5	0.0011732628183229962	1.0	0.0	1.0
500	50	2	10	1	0.1	0	0	1	0.142	0.8071875000000001	0.1174718609332574	0.7668750000000001	1.0	1.0	nan	nan	0.10310663996863631	0.7702083333333334	0.0	1.0	0.04	0.5	0.12435960239830432	0.5098478333333334	0.0	1.0	0.04	0.5	126945962762.24866	0.4938033333333333	0.0	1.0	0.04	0.5	35.18048418403558	0.7466666666666666	0.0	1.0
500	50	2	10	1	0.1	0	0	2	0.07400000000000001	0.71984375	0.06834421081327996	0.6980208333333333	1.0	1.0	nan	nan	0.07545312968608194	0.7355208333333334	0.0	1.0	0.04	0.5	0.09698536330999234	0.5748615	0.0	1.0	0.04	0.5	544589594.2159652	0.48894104166666663	0.0	1.0	0.04	0.5	1.95842688944158	0.7015625	0.0	1.0
500	50	2	10	1	0.1	0	0	3	0.17	0.7968229166666667	0.08353121744540988	0.7886458333333333	1.0	1.0	nan	nan	0.08477221867437068	0.795	0.0	1.0	0.04	0.5	0.11911462839393694	0.571627375	0.0	1.0	0.04	0.5	398495079331.0438	0.4781315833333334	0.0	1.0	0.04	0.5	27.094620064256024	0.7685416666666666	0.0	1.0
500	50	2	50	1	0.1	0	0	1	0.07080000000000002	0.5305166666666666	0.0890361311866446	0.5276833333333333	1.0	1.0	nan	nan	0.09029133218157456	0.5041708333333333	0.0	1.0	0.04	0.5	0.09388337016021199	0.4804171666666667	0.0	1.0	0.04	0.5	347970229901.6955	0.4898465416666667	0.0	1.0	0.04	0.5	3491559.276542685	0.5157583333333333	0.0	1.0
500	50	2	50	1	0.1	0	0	2	0.1112	0.6348666666666667	0.09897048167935592	0.6329291666666668	1.0	1.0	nan	nan	0.08997030511838697	0.638625	0.0	1.0	0.04	0.5	0.10161953486587776	0.5028667916666667	0.0	1.0	0.04	0.5	84130346526.29544	0.5017250416666666	0.0	1.0	0.04	0.5	12016254.640696201	0.5452958333333334	0.0	1.0
500	50	2	50	1	0.1	0	0	3	0.0944	0.5636145833333334	0.09246193263999336	0.5600541666666667	1.0	1.0	nan	nan	0.09684551888556227	0.5752	0.0	1.0	0.04	0.5	0.09563007084699761	0.5169845416666666	0.0	1.0	0.04	0.5	25572184954.205063	0.5008505	0.0	1.0	0.04	0.5	100876.27141893981	0.5134083333333332	0.0	1.0
500	50	5	5	1	0.1	0	0	1	0.5680000000000001	0.5783111111111111	0.06828418598126601	0.5667555555555556	0.0	1.0	nan	nan	0.08024778560850346	0.7827555555555555	0.0	1.0	0.1	0.5	0.11899119460203023	0.6055982933333333	0.0	1.0	0.1	0.5	7160059007860.43	0.4864269333333333	0.0	1.0	0.1	0.5	0.0004842446310191176	1.0	0.0	1.0
500	50	5	5	1	0.1	0	0	2	0.252	0.6885333333333333	0.05778854172567706	0.6716444444444445	1.0	1.0	nan	nan	0.059701663345954246	0.703111111111111	0.0	1.0	0.1	0.5	0.08128194489224316	0.6054684977777778	0.0	1.0	0.1	0.5	107047116190.13188	0.5099987733333333	0.0	1.0	0.1	0.5	0.0005057580484928584	1.0	0.0	1.0
500	50	5	5	1	0.1	0	0	3	0.09600000000000002	0.6250666666666668	0.06934287864570693	0.5905777777777778	1.0	1.0	nan	nan	0.07941714993232181	0.6437333333333334	0.0	1.0	0.10000000000000002	0.5	0.10917403860147232	0.45215831111111116	0.0	1.0	0.10000000000000002	0.5	8405413654.724513	0.5016491733333334	0.0	1.0	0.10000000000000002	0.5	0.0005720856547606599	1.0	0.0	1.0
500	50	5	10	1	0.1	0	0	1	0.136	0.5940444444444445	0.08010763314587754	0.5618222222222222	0.0	1.0	nan	nan	0.08885077431572072	0.6016444444444443	0.0	1.0	0.1	0.5	0.09653159999247139	0.4932854755555556	0.0	1.0	0.1	0.5	371484936880.917	0.5075700444444444	0.0	1.0	0.1	0.5	83.8224633836282	0.6800444444444443	0.0	1.0
500	50	5	10	1	0.1	0	0	2	0.43199999999999994	0.5377555555555557	0.06785307369501016	0.5299999999999999	0.0	1.0	nan	nan	0.07355301198407735	0.5969777777777778	0.0	1.0	0.1	0.5	0.09192271995292481	0.5307613333333333	0.0	1.0	0.1	0.5	1229173865948.0571	0.501295911111111	0.0	1.0	0.1	0.5	1.2144487748271646	0.584488888888889	0.0	1.0
500	50	5	10	1	0.1	0	0	3	0.35	0.6267999999999999	0.06891742717662715	0.6218222222222223	0.0	1.0	nan	nan	0.0822310375218183	0.6463111111111111	0.0	1.0	0.1	0.5	0.10443344628165623	0.6061963911111111	0.0	1.0	0.1	0.5	989532593462.179	0.4921594311111111	0.0	1.0	0.1	0.5	13.343647975583334	0.6785777777777778	0.0	1.0
500	50	5	50	1	0.1	0	0	1	0.12880000000000003	0.4775911111111111	0.09214472830987905	0.4779875555555555	0.0	1.0	nan	nan	0.0949779250588251	0.484896	0.0	1.0	0.1	0.5	0.08928408963751236	0.4792136533333334	0.0	1.0	0.1	0.5	169371377449.4378	0.5065112711111112	0.0	1.0	0.1	0.5	4296056.05347692	0.5137955555555556	0.0	1.0
500	50	5	50	1	0.1	0	0	2	0.13720000000000002	0.5374248888888888	0.08611989392345762	0.5325457777777778	1.0	1.0	nan	nan	0.08449566998835656	0.5129742222222222	0.0	1.0	0.1	0.5	0.08621926729909349	0.47843687111111116	0.0	1.0	0.1	0.5	42479868964.702484	0.49067587555555553	0.0	1.0	0.1	0.5	6308719.948183573	0.5254222222222222	0.0	1.0
500	50	5	50	1	0.1	0	0	3	0.4760000000000001	0.49991377777777773	0.08909651035225388	0.4947742222222222	0.0	1.0	nan	nan	0.10347567676270868	0.5126115555555556	0.0	1.0	0.1	0.5	0.08732244716450419	0.5124186666666667	0.0	1.0	0.1	0.5	557011519553.3453	0.49957164444444446	0.0	1.0	0.1	0.5	34520.71837249249	0.47805333333333333	0.0	1.0
500	100	1	5	1	0.1	0	0	1	0.418	0.6648484848484849	0.05552617719606581	0.6880808080808081	0.0	1.0	nan	nan	0.050207296641463915	0.9955555555555555	0.0	1.0	0.01	0.5	0.08602488469736913	0.9722882424242424	0.0	1.0	0.01	0.5	7.875228991210018e+23	0.5003379393939393	0.0	1.0	0.01	0.5	1.0137078211253288	0.8985858585858586	0.0	1.0
500	100	1	5	1	0.1	0	0	2	0.25399999999999995	0.7935353535353535	0.04554935404741571	0.7947474747474749	1.0	1.0	nan	nan	0.048737137368392955	0.926060606060606	0.0	1.0	0.01	0.5	0.06397326614037756	0.6598499393939393	0.0	1.0	0.01	0.5	1.4144700756520637e+23	0.4750221818181818	0.0	1.0	0.01	0.5	1.0362686865351922	0.7490909090909093	0.0	1.0
500	100	1	5	1	0.1	0	0	3	0.264	0.8478787878787879	0.04906054492011192	0.8303030303030303	1.0	1.0	nan	nan	0.054224498745762226	0.8513131313131314	0.0	1.0	0.01	0.5	0.06808737348631162	0.676278101010101	0.0	1.0	0.01	0.5	2.9529387424234454e+22	0.47286880808080806	0.0	1.0	0.01	0.5	0.6552158683911697	0.945050505050505	0.0	1.0
500	100	1	10	1	0.1	0	0	1	0.16599999999999998	0.7505050505050506	0.05381615642844051	0.7577777777777779	1.0	1.0	nan	nan	0.05288451968938623	0.7546464646464647	0.0	1.0	0.01	0.5	0.06820812141970284	0.5355169696969697	0.0	1.0	0.01	0.5	2.3342945725654704e+23	0.47651002020202027	0.0	1.0	0.01	0.5	174897.82244224343	0.4498989898989899	0.0	1.0
500	100	1	10	1	0.1	0	0	2	0.268	0.7554545454545455	0.06854000133693428	0.7258585858585859	1.0	1.0	nan	nan	0.056624014079503536	0.7148484848484848	0.0	1.0	0.010000000000000002	0.5	0.06945846755851863	0.2886506666666666	0.0	1.0	0.010000000000000002	0.5	1.7321176993296049e+22	0.4736926868686868	0.0	1.0	0.010000000000000002	0.5	1665.7389326252182	0.3923232323232323	0.0	1.0
500	100	1	10	1	0.1	0	0	3	0.20800000000000005	0.767979797979798	0.05317804568994408	0.7749494949494949	1.0	1.0	nan	nan	0.04584482064927618	0.765959595959596	0.0	1.0	0.01	0.5	0.061140101325970836	0.6278183838383837	0.0	1.0	0.01	0.5	3.502522961544389e+22	0.5191235151515151	0.0	1.0	0.01	0.5	91327.75341205837	0.4353535353535354	0.0	1.0
500	100	1	50	1	0.1	0	0	1	0.08040000000000001	0.710040404040404	0.05616837149666841	0.7112606060606061	1.0	1.0	nan	nan	0.05554979682467431	0.5580404040404041	0.0	1.0	0.01	0.5	0.05779109788567121	0.48682294949494953	0.0	1.0	0.01	0.5	1.70988663071604e+21	0.5014125252525252	0.0	1.0	0.01	0.5	88096.05423603521	0.48783030303030306	0.0	1.0
500	100	1	50	1	0.1	0	0	2	0.0852	0.6639555555555555	0.0615087548022813	0.6649050505050504	1.0	1.0	nan	nan	0.06579413196370475	0.5909212121212121	0.0	1.0	0.01	0.5	0.07686615883921864	0.5180248080808081	0.0	1.0	0.01	0.5	4.4091933884618297e+21	0.502526909090909	0.0	1.0	0.01	0.5	556072.8061362174	0.5130222222222222	0.0	1.0
500	100	1	50	1	0.1	0	0	3	0.0812	0.6170666666666667	0.07345124105136455	0.6170505050505051	1.0	1.0	nan	nan	0.07917101423491771	0.511329292929293	0.0	1.0	0.01	0.5	0.07957748995949795	0.5325301414141415	0.0	1.0	0.01	0.5	1.4843262873659995e+22	0.4698214141414141	0.0	1.0	0.01	0.5	460808.7858714414	0.4402464646464646	0.0	1.0
500	100	5	5	1	0.1	0	0	1	0.524	0.7060210526315789	0.08763264744547646	0.6691368421052631	1.0	1.0	nan	nan	0.0429465559116527	0.7887157894736843	0.0	1.0	0.05000000000000001	0.5	0.06686767850675994	0.47955687578947365	0.0	1.0	0.05000000000000001	0.5	4.732456651533219e+22	0.49447569684210524	0.0	1.0	0.05000000000000001	0.5	0.5265037360364581	0.6682947368421053	0.0	1.0
500	100	5	5	1	0.1	0	0	2	0.43000000000000005	0.6159578947368421	0.04188392302943651	0.5938526315789474	0.0	1.0	nan	nan	0.04654519374114348	0.7246315789473683	0.0	1.0	0.05	0.5	0.06664212421782778	0.6263203536842105	0.0	1.0	0.05	0.5	1.8510412778899558e+23	0.4926641010526316	0.0	1.0	0.05	0.5	0.17268069414813253	0.8348631578947369	0.0	1.0
500	100	5	5	1	0.1	0	0	3	0.27	0.7440842105263158	0.0440573015644273	0.7219368421052632	1.0	1.0	nan	nan	0.04687703619232112	0.8361263157894737	0.0	1.0	0.05	0.5	0.0850661908935888	0.6349485305263157	0.0	1.0	0.05	0.5	2.5596148099301234e+22	0.5075864	0.0	1.0	0.05	0.5	0.36308256617293777	0.8239157894736843	0.0	1.0
500	100	5	10	1	0.1	0	0	1	0.2889999999999999	0.6116947368421053	0.07626728535237133	0.5966315789473684	1.0	1.0	nan	nan	0.064878923600112	0.5705473684210528	0.0	1.0	0.04999999999999999	0.5	0.05673381961860331	0.5111133052631578	0.0	1.0	0.04999999999999999	0.5	7.559203438701251e+21	0.5025213894736842	0.0	1.0	0.04999999999999999	0.5	47145.74975704394	0.4841684210526316	0.0	1.0
500	100	5	10	1	0.1	0	0	2	0.44199999999999995	0.5822105263157895	0.04306727519560798	0.5789894736842105	0.0	1.0	nan	nan	0.05596607511598549	0.6074105263157896	0.0	1.0	0.05	0.5	0.05970968752171575	0.5456396884210526	0.0	1.0	0.05	0.5	4.782941763476617e+22	0.4975041347368421	0.0	1.0	0.05	0.5	2607.270848353956	0.5556421052631578	0.0	1.0
500	100	5	10	1	0.1	0	0	3	0.38	0.5899684210526316	0.06983239459442292	0.5926947368421054	1.0	1.0	nan	nan	0.05740358535501602	0.7019789473684211	0.0	1.0	0.05	0.5	0.06918473792701076	0.5620426442105264	0.0	1.0	0.05	0.5	2.7330234802558596e+22	0.48072669473684215	0.0	1.0	0.05	0.5	15809.6162438926	0.5264842105263158	0.0	1.0
500	100	5	50	1	0.1	0	0	1	0.15800000000000003	0.5045406315789474	0.052218779569351045	0.5036231578947368	0.0	1.0	nan	nan	0.05873250400322551	0.5012538947368421	0.0	1.0	0.04999999999999998	0.5	0.05328106826900943	0.4822309557894737	0.0	1.0	0.04999999999999998	0.5	2.0311355744564244e+22	0.5041996884210527	0.0	1.0	0.04999999999999998	0.5	4822110.468053419	0.46485473684210527	0.0	1.0
500	100	5	50	1	0.1	0	0	2	0.0764	0.53848	0.0485263863225423	0.5365284210526315	1.0	1.0	nan	nan	0.052096326520189196	0.48791915789473683	0.0	1.0	0.05	0.5	0.04520925727695114	0.4913779957894737	0.0	1.0	0.05	0.5	1.7718572872893247e+21	0.5117695999999999	0.0	1.0	0.05	0.5	104386.9116240187	0.512112	0.0	1.0
500	100	5	50	1	0.1	0	0	3	0.10580000000000002	0.5156273684210526	0.06487638447226703	0.5146972631578948	1.0	1.0	nan	nan	0.07152060791917778	0.49856336842105264	0.0	1.0	0.04999999999999999	0.5	0.06398628542212476	0.4801873263157895	0.0	1.0	0.04999999999999999	0.5	4.661497788663753e+21	0.4860598147368421	0.0	1.0	0.04999999999999999	0.5	954770.5931925097	0.47334147368421053	0.0	1.0
500	100	10	5	1	0.1	0	0	1	0.10400000000000001	0.6998666666666665	0.036821398331279065	0.6432888888888888	1.0	1.0	nan	nan	0.04002785065607221	0.6232888888888889	0.0	1.0	0.10000000000000002	0.5	0.0585835294379067	0.5297823333333334	0.0	1.0	0.10000000000000002	0.5	4.485990201215805e+21	0.49698480444444443	0.0	1.0	0.10000000000000002	0.5	0.26864496730970633	0.7413777777777777	0.0	1.0
500	100	10	5	1	0.1	0	0	2	0.43	0.5536000000000001	0.043383789896125693	0.5742444444444444	0.0	1.0	nan	nan	0.052014583934217	0.6232	0.0	1.0	0.1	0.5	0.0582884479695158	0.485950431111111	0.0	1.0	0.1	0.5	8.159164055090771e+22	0.4943469777777778	0.0	1.0	0.1	0.5	0.15116210653650494	0.8192444444444444	0.0	1.0
500	100	10	5	1	0.1	0	0	3	0.43800000000000006	0.5777777777777777	0.0459199009840237	0.5572222222222222	0.0	1.0	nan	nan	0.05335779960704652	0.6721333333333334	0.0	1.0	0.1	0.5	0.06173346645833612	0.5585171022222222	0.0	1.0	0.1	0.5	6.116649727225958e+22	0.49109007111111114	0.0	1.0	0.1	0.5	0.48987205657977595	0.6763555555555556	0.0	1.0
500	100	10	10	1	0.1	0	0	1	0.13299999999999998	0.5544777777777778	0.04843527215931635	0.5356333333333333	0.0	1.0	nan	nan	0.06419850590134055	0.5444611111111112	0.0	1.0	0.1	0.5	0.05469060595043013	0.5248158044444444	0.0	1.0	0.1	0.5	1.548171978916442e+21	0.4995638444444444	0.0	1.0	0.1	0.5	193430.22292548156	0.5072888888888889	0.0	1.0
500	100	10	10	1	0.1	0	0	2	0.152	0.5118	0.04576715541861802	0.5103333333333333	1.0	1.0	nan	nan	0.05238024441445247	0.5372333333333333	0.0	1.0	0.1	0.5	0.04811343143155608	0.4914294577777778	0.0	1.0	0.1	0.5	1.607111691490126e+20	0.5035520266666667	0.0	1.0	0.1	0.5	828.3933092481209	0.5012888888888889	0.0	1.0
500	100	10	10	1	0.1	0	0	3	0.16700000000000004	0.6082833333333333	0.06032354713114254	0.5574611111111111	0.0	1.0	nan	nan	0.05613261407144576	0.6049277777777777	0.0	1.0	0.1	0.5	0.05805864876423537	0.5430535555555556	0.0	1.0	0.1	0.5	5.43161363144746e+21	0.4938169911111111	0.0	1.0	0.1	0.5	343114.1525561015	0.4936666666666667	0.0	1.0
500	100	10	50	1	0.1	0	0	1	0.131	0.5016068888888889	0.049371071112517685	0.5027917777777777	0.0	1.0	nan	nan	0.06303137063709748	0.48878111111111117	0.0	1.0	0.10000000000000002	0.5	0.04774744324929814	0.4940910399999999	0.0	1.0	0.10000000000000002	0.5	3.269531529318594e+21	0.49602987555555555	0.0	1.0	0.10000000000000002	0.5	1205733.9005713924	0.4963995555555555	0.0	1.0
500	100	10	50	1	0.1	0	0	2	0.13140000000000002	0.4993855555555556	0.05169911119291282	0.4973795555555556	0.0	1.0	nan	nan	0.06625540120610232	0.4945133333333333	0.0	1.0	0.10000000000000002	0.5	0.04670086442936291	0.48824371555555557	0.0	1.0	0.10000000000000002	0.5	1.848362309527818e+20	0.4986488133333334	0.0	1.0	0.10000000000000002	0.5	130631.88306854063	0.5062177777777778	0.0	1.0
500	100	10	50	1	0.1	0	0	3	0.16699999999999998	0.5279111111111111	0.06339934289342308	0.5271844444444445	1.0	1.0	nan	nan	0.06583494282975405	0.47768799999999995	0.0	1.0	0.09999999999999998	0.5	0.04913035773954116	0.4839471288888889	0.0	1.0	0.09999999999999998	0.5	3.1990154440446407e+21	0.4948529466666667	0.0	1.0	0.09999999999999998	0.5	541025.5510877015	0.5051222222222223	0.0	1.0
500	500	1	5	1	0.1	0	0	1	0.4228	0.669058116232465	0.011220667117076618	0.7040480961923848	0.0	1.0	nan	nan	1.1716756996577813	0.5108617234468937	0.0	1.0	0.002	0.5	0.07355920156070912	0.6957864689378758	0.0	1.0	0.002	0.5	2.2367613183139144e+45	0.5028980601202404	0.0	1.0	0.002	0.5	1534284.1383265038	0.25635270541082167	0.0	1.0
500	500	1	5	1	0.1	0	0	2	0.20639999999999997	0.7621242484969939	0.07848485028638369	0.6972344689378758	1.0	1.0	nan	nan	38.86542732193528	0.6447294589178356	0.0	1.0	0.002	0.5	0.10730979396440236	0.605855751503006	0.0	1.0	0.002	0.5	5.336558761328477e+42	0.5046869178356714	0.0	1.0	0.002	0.5	276975.2387628228	0.47182364729458914	0.0	1.0
500	500	1	5	1	0.1	0	0	3	0.2636	0.9457715430861724	0.03383257628711543	0.8282965931863728	1.0	1.0	nan	nan	9.61312686305779	0.6920240480961923	0.0	1.0	0.002	0.5	0.05241731870829951	0.6094254909819639	0.0	1.0	0.002	0.5	7.891150505375997e+43	0.5116047935871744	0.0	1.0	0.002	0.5	422129.5682490631	0.32480961923847695	0.0	1.0
500	500	1	10	1	0.1	0	0	1	0.14120000000000002	0.8872845691382766	0.025562180379965032	0.8733266533066132	1.0	1.0	nan	nan	33.03871995301047	0.49603206412825646	0.0	1.0	0.002	0.5	0.10558627866924084	0.41963349098196395	0.0	1.0	0.002	0.5	3.713750897413799e+44	0.5119063807615231	0.0	1.0	0.002	0.5	1700445.8482481395	0.3810220440881764	0.0	1.0
500	500	1	10	1	0.1	0	0	2	0.22960000000000003	0.874188376753507	0.04770104116734225	0.8257114228456914	1.0	1.0	nan	nan	99.2450866164256	0.6141683366733467	0.0	1.0	0.002	0.5	0.0976214617493051	0.44478327054108213	0.0	1.0	0.002	0.5	4.664018310252784e+43	0.5182751422845691	0.0	1.0	0.002	0.5	23769.877452532764	0.4951302605210421	0.0	1.0
500	500	1	10	1	0.1	0	0	3	0.0808	0.8973947895791583	0.03646374215770556	0.901002004008016	1.0	1.0	nan	nan	4.75124673519017	0.6810420841683367	0.0	1.0	0.002	0.5	0.08643358579765524	0.3950859559118236	0.0	1.0	0.002	0.5	2.560163071642581e+43	0.526812881763527	0.0	1.0	0.002	0.5	130478.30333718668	0.5071342685370741	0.0	1.0
500	500	1	50	1	0.1	0	0	1	0.0496	0.5495362725450901	0.03327610651002695	0.5503559118236473	1.0	1.0	nan	nan	31.732907114335088	0.44604328657314635	0.0	1.0	0.002	0.5	0.11393155662894164	0.4690586933867736	0.0	1.0	0.002	0.5	1.9937045454507564e+41	0.48861155911823645	0.0	1.0	0.002	0.5	2330973.8979505044	0.48693867735470947	0.0	1.0
500	500	1	50	1	0.1	0	0	2	0.04228	0.5941042084168336	0.03252954875396485	0.5928993987975952	1.0	1.0	nan	nan	9.520214941229797	0.5948809619238477	0.0	1.0	0.002	0.5	0.11428214199961108	0.5695171462925852	0.0	1.0	0.002	0.5	2.3606507976696743e+42	0.5003460841683367	0.0	1.0	0.002	0.5	1207701.5002219577	0.533044488977956	0.0	1.0
500	500	1	50	1	0.1	0	0	3	0.05136	0.6052304609218437	0.03245035064223069	0.6051751503006012	1.0	1.0	nan	nan	8.71827974912887	0.41586372745490985	0.0	1.0	0.002	0.5	0.08247569309684778	0.4932897314629259	0.0	1.0	0.002	0.5	4.419537180002581e+42	0.4770418356713426	0.0	1.0	0.002	0.5	33487975.93080273	0.462514629258517	0.0	1.0
500	500	25	5	1	0.1	0	0	1	0.7716000000000001	0.5111393684210526	0.01026587507002785	0.5250576842105263	0.0	1.0	nan	nan	85.02686767438739	0.5011233684210527	0.0	1.0	0.05	0.5	0.010633124768460282	0.5333533052631578	0.0	1.0	0.05	0.5	1.0577002520306948e+45	0.5019042896842105	0.0	1.0	0.05	0.5	194618.85203663527	0.4960505263157895	0.0	1.0
500	500	25	5	1	0.1	0	0	2	0.5988	0.534005894736842	0.011608163123213423	0.535296	0.0	1.0	nan	nan	14.2338724160756	0.49886315789473684	0.0	1.0	0.05	0.5	0.010802896660234986	0.4876883247157895	0.0	1.0	0.05	0.5	2.7589985290743893e+44	0.4964283769263158	0.0	1.0	0.05	0.5	102042.77514644952	0.5079477894736842	0.0	1.0
500	500	25	5	1	0.1	0	0	3	0.0968	0.5199393684210527	0.01652017285791656	0.526346105263158	0.0	1.0	nan	nan	2.9900358717926685	0.5367275789473684	0.0	1.0	0.05	0.5	0.009852297013012308	0.5151993044210527	0.0	1.0	0.05	0.5	1.2943242902860196e+39	0.5008158554947368	0.0	1.0	0.05	0.5	164268.1205995823	0.4938543157894737	0.0	1.0
500	500	25	10	1	0.1	0	0	1	0.4434	0.5301440000000001	0.023978207606271736	0.5258530526315789	0.0	1.0	nan	nan	3.336475540219601	0.47134821052631576	0.0	1.0	0.05	0.5	0.011974785035057216	0.5084784259368421	0.0	1.0	0.05	0.5	2.2341691620673004e+44	0.49636285473684216	0.0	1.0	0.05	0.5	49146.434702215716	0.4813372631578947	0.0	1.0
500	500	25	10	1	0.1	0	0	2	0.431	0.5354320000000001	0.02188881634168887	0.5335873684210526	0.0	1.0	nan	nan	8.370066860797442	0.4987157894736842	0.0	1.0	0.049999999999999996	0.5	0.009844709156351102	0.5171644170105263	0.0	1.0	0.049999999999999996	0.5	4.202313475327106e+44	0.4995023882105263	0.0	1.0	0.049999999999999996	0.5	17945.597896942592	0.47780126315789473	0.0	1.0
500	500	25	10	1	0.1	0	0	3	0.2312	0.5261781052631579	0.0670550277079133	0.527312	1.0	1.0	nan	nan	34.52617316891827	0.5012909473684211	0.0	1.0	0.05	0.5	0.009862738082348345	0.5136296380631579	0.0	1.0	0.05	0.5	1.938671922056628e+40	0.5001800053894737	0.0	1.0	0.05	0.5	66132429.32929795	0.48271157894736844	0.0	1.0
500	500	25	50	1	0.1	0	0	1	0.22964000000000004	0.503620547368421	0.021689631551171998	0.5039009515789474	0.0	1.0	nan	nan	11.202599388562607	0.5080667957894737	0.0	1.0	0.05	0.5	0.011335706660538267	0.5112119043368422	0.0	1.0	0.05	0.5	2.1639154023452375e+44	0.5005506061473685	0.0	1.0	0.05	0.5	2751523.2393522924	0.4976515368421052	0.0	1.0
500	500	25	50	1	0.1	0	0	2	0.07944	0.5013616505263158	0.028890927277161103	0.5033459031578947	0.0	1.0	nan	nan	19.70142509547621	0.5111291957894736	0.0	1.0	0.05000000000000001	0.5	0.010599913980931892	0.5003277726315789	0.0	1.0	0.05000000000000001	0.5	1.3466291173899164e+41	0.5054101483789474	0.0	1.0	0.05000000000000001	0.5	1471589.8836245998	0.48986691368421054	0.0	1.0
500	500	25	50	1	0.1	0	0	3	0.38976	0.5041958231578947	0.028440377640410713	0.5025749726315789	0.0	1.0	nan	nan	15.582626514988695	0.5004507284210526	0.0	1.0	0.05	0.5	0.011041802056821688	0.5149166854736842	0.0	1.0	0.05	0.5	8.068268610369809e+43	0.5008920791578948	0.0	1.0	0.05	0.5	74843923.0784317	0.4962397978947368	0.0	1.0
500	500	50	5	1	0.1	0	0	1	0.2716	0.5703155555555555	0.01809573967360566	0.5655253333333332	1.0	1.0	nan	nan	1.4627719028090278	0.4947662222222222	0.0	1.0	0.1	0.5	0.008751542814329666	0.4934260892444445	0.0	1.0	0.1	0.5	4.837469459053926e+44	0.49948951751111115	0.0	1.0	0.1	0.5	248038.22119108934	0.5133884444444445	0.0	1.0
500	500	50	5	1	0.1	0	0	2	0.434	0.5207164444444445	0.017184818879742533	0.519536	0.0	1.0	nan	nan	36.4599976025138	0.4774168888888889	0.0	1.0	0.1	0.5	0.00844545395182416	0.5032364062222223	0.0	1.0	0.1	0.5	8.784059701098792e+44	0.4987077397333333	0.0	1.0	0.1	0.5	1202859.4186545408	0.460592	0.0	1.0
500	500	50	5	1	0.1	0	0	3	0.24480000000000002	0.5079742222222223	0.05023665494399333	0.5041653333333334	0.0	1.0	nan	nan	15.919817438829424	0.4965084444444445	0.0	1.0	0.1	0.5	0.00862113433800891	0.49634027022222216	0.0	1.0	0.1	0.5	2.531158449735697e+43	0.5014373879111111	0.0	1.0	0.1	0.5	1120904.0195292793	0.4517582222222222	0.0	1.0
500	500	50	10	1	0.1	0	0	1	0.36079999999999995	0.4987453333333334	0.01845848135546747	0.49552711111111114	0.0	1.0	nan	nan	14.889105987146955	0.5095311111111112	0.0	1.0	0.1	0.5	0.009935427855376162	0.4799182668444445	0.0	1.0	0.1	0.5	9.268387344869406e+44	0.49654573226666665	0.0	1.0	0.1	0.5	738252.8005046654	0.4988444444444444	0.0	1.0
500	500	50	10	1	0.1	0	0	2	0.18280000000000002	0.5196488888888889	0.03546255432944961	0.5174684444444444	0.0	1.0	nan	nan	11.590850430517811	0.5116413333333334	0.0	1.0	0.10000000000000002	0.5	0.00874426398425509	0.49842117386666673	0.0	1.0	0.10000000000000002	0.5	2.8302392030089127e+41	0.5011513797333333	0.0	1.0	0.10000000000000002	0.5	33363.53949897652	0.5043511111111111	0.0	1.0
500	500	50	10	1	0.1	0	0	3	0.381	0.500402888888889	0.027661918638807192	0.49954022222222216	0.0	1.0	nan	nan	3.4955308366768856	0.4903328888888888	0.0	1.0	0.1	0.5	0.009693753781309265	0.5058860254222222	0.0	1.0	0.1	0.5	1.8177581632025907e+44	0.5018816577777778	0.0	1.0	0.1	0.5	22326824.097860605	0.501348	0.0	1.0
500	500	50	50	1	0.1	0	0	1	0.7028399999999999	0.49849064	0.01364868399456318	0.5026276622222222	0.0	1.0	nan	nan	4.266428491122906	0.5022786844444445	0.0	1.0	0.10000000000000002	0.5	0.009504160514373465	0.5065608424888889	0.0	1.0	0.10000000000000002	0.5	2.447999347694293e+43	0.49809400586666663	0.0	1.0	0.10000000000000002	0.5	1383050.685878672	0.49948544	0.0	1.0
500	500	50	50	1	0.1	0	0	2	0.41964	0.5028641955555555	0.03094060165290499	0.5030277422222222	0.0	1.0	nan	nan	21.48999639004113	0.4998950577777778	0.0	1.0	0.1	0.5	0.009575539267667937	0.5045307253333333	0.0	1.0	0.1	0.5	1.064428719603292e+44	0.5001444110222222	0.0	1.0	0.1	0.5	1115229.3159785545	0.49879013333333333	0.0	1.0
500	500	50	50	1	0.1	0	0	3	0.33503999999999995	0.4936669777777778	0.028783999261758356	0.4925876088888889	0.0	1.0	nan	nan	5.486617177891268	0.4993270577777778	0.0	1.0	0.10000000000000002	0.5	0.01032967275131472	0.5115932858666666	0.0	1.0	0.10000000000000002	0.5	1.3338890994777324e+44	0.49808450702222223	0.0	1.0	0.10000000000000002	0.5	116911445.31473036	0.5084225422222222	0.0	1.0
